episode,steps,reward_0,reward_1,loss_0,loss_1,exploration_0,exploration_1,collision_0,collision_1,ou_theta_0,ou_theta_1,ou_mu_0,ou_mu_1,ou_sigma_0,ou_sigma_1,ou_dt_0,ou_dt_1,ou_x0_0,ou_x0_1
0,51,0.5192301857539644,0.6566627177880376,-0.0196078431372549,-0.0196078431372549,237,237,0.0,0.0,0.15,0.15,[0. 0. 0. 0. 0. 0. 0. 0. 0. 0. 0. 0.],[0. 0. 0. 0. 0. 0. 0. 0. 0. 0. 0. 0.],0.3,0.3,0.01,0.01,,
1,51,0.2871976785504296,0.3996783535795525,-0.0196078431372549,-0.0196078431372549,256,256,0.0,0.0,0.15,0.15,[0. 0. 0. 0. 0. 0. 0. 0. 0. 0. 0. 0.],[0. 0. 0. 0. 0. 0. 0. 0. 0. 0. 0. 0.],0.3,0.3,0.01,0.01,,
2,51,0.7743681667557103,0.42343028071570826,-0.0196078431372549,-0.0196078431372549,222,222,0.0,0.0,0.15,0.15,[0. 0. 0. 0. 0. 0. 0. 0. 0. 0. 0. 0.],[0. 0. 0. 0. 0. 0. 0. 0. 0. 0. 0. 0.],0.3,0.3,0.01,0.01,,
3,51,0.22628710750114264,0.8244760098295287,-0.0196078431372549,-0.0196078431372549,227,227,0.0,0.0,0.15,0.15,[0. 0. 0. 0. 0. 0. 0. 0. 0. 0. 0. 0.],[0. 0. 0. 0. 0. 0. 0. 0. 0. 0. 0. 0.],0.3,0.3,0.01,0.01,,
4,51,0.6169641712894309,0.18434128257838817,-0.0196078431372549,-0.0196078431372549,229,229,0.0,0.0,0.15,0.15,[0. 0. 0. 0. 0. 0. 0. 0. 0. 0. 0. 0.],[0. 0. 0. 0. 0. 0. 0. 0. 0. 0. 0. 0.],0.3,0.3,0.01,0.01,,
5,51,0.4161088166699332,0.5720637569462904,-0.0196078431372549,-0.0196078431372549,245,245,0.0,0.0,0.15,0.15,[0. 0. 0. 0. 0. 0. 0. 0. 0. 0. 0. 0.],[0. 0. 0. 0. 0. 0. 0. 0. 0. 0. 0. 0.],0.3,0.3,0.01,0.01,,
6,51,0.6585311377170785,0.2588325979455947,1.5050512341892017,1.5050512341892017,254,254,0.0,0.0,0.15,0.15,[0. 0. 0. 0. 0. 0. 0. 0. 0. 0. 0. 0.],[0. 0. 0. 0. 0. 0. 0. 0. 0. 0. 0. 0.],0.3,0.3,0.01,0.01,,
7,36,-1.7195894383394381,-2.16198343079922,1.7029627180761762,1.7029627180761762,175,175,1.0,1.0,0.15,0.15,[0. 0. 0. 0. 0. 0. 0. 0. 0. 0. 0. 0.],[0. 0. 0. 0. 0. 0. 0. 0. 0. 0. 0. 0.],0.3,0.3,0.01,0.01,,
8,51,0.3274497907022685,0.7055319162529788,1.6085961274072236,1.6085961274072236,229,229,0.0,0.0,0.15,0.15,[0. 0. 0. 0. 0. 0. 0. 0. 0. 0. 0. 0.],[0. 0. 0. 0. 0. 0. 0. 0. 0. 0. 0. 0.],0.3,0.3,0.01,0.01,,
9,51,0.37345611463258516,0.6309426410045605,1.5348405370525284,1.5348405370525284,200,200,0.0,0.0,0.15,0.15,[0. 0. 0. 0. 0. 0. 0. 0. 0. 0. 0. 0.],[0. 0. 0. 0. 0. 0. 0. 0. 0. 0. 0. 0.],0.3,0.3,0.01,0.01,,
10,51,0.5443059441767191,0.6584215155151343,1.6394493836982578,1.6394493836982578,278,278,0.0,0.0,0.15,0.15,[0. 0. 0. 0. 0. 0. 0. 0. 0. 0. 0. 0.],[0. 0. 0. 0. 0. 0. 0. 0. 0. 0. 0. 0.],0.3,0.3,0.01,0.01,,
11,51,0.32703786818767017,0.8065695376293756,1.535304850807377,1.535304850807377,224,224,0.0,0.0,0.15,0.15,[0. 0. 0. 0. 0. 0. 0. 0. 0. 0. 0. 0.],[0. 0. 0. 0. 0. 0. 0. 0. 0. 0. 0. 0.],0.3,0.3,0.01,0.01,,
12,51,0.48594292417821827,0.8425265502471385,1.4174782534440358,1.4174782534440358,240,240,0.0,0.0,0.15,0.15,[0. 0. 0. 0. 0. 0. 0. 0. 0. 0. 0. 0.],[0. 0. 0. 0. 0. 0. 0. 0. 0. 0. 0. 0.],0.3,0.3,0.01,0.01,,
13,51,0.8361227678388837,0.29276350008274976,1.5392420584080266,1.5392420584080266,235,235,0.0,0.0,0.15,0.15,[0. 0. 0. 0. 0. 0. 0. 0. 0. 0. 0. 0.],[0. 0. 0. 0. 0. 0. 0. 0. 0. 0. 0. 0.],0.3,0.3,0.01,0.01,,
14,51,0.6718674448519217,0.21597725470553533,1.3509385328666836,1.3509385328666836,274,274,0.0,0.0,0.15,0.15,[0. 0. 0. 0. 0. 0. 0. 0. 0. 0. 0. 0.],[0. 0. 0. 0. 0. 0. 0. 0. 0. 0. 0. 0.],0.3,0.3,0.01,0.01,,
15,51,0.5796066307176878,0.4398857198255955,1.3216465442788368,1.3216465442788368,269,269,0.0,0.0,0.15,0.15,[0. 0. 0. 0. 0. 0. 0. 0. 0. 0. 0. 0.],[0. 0. 0. 0. 0. 0. 0. 0. 0. 0. 0. 0.],0.3,0.3,0.01,0.01,,
16,51,0.8278803364701591,0.47769885058400463,1.4242171843846638,1.4242171843846638,236,236,0.0,0.0,0.15,0.15,[0. 0. 0. 0. 0. 0. 0. 0. 0. 0. 0. 0.],[0. 0. 0. 0. 0. 0. 0. 0. 0. 0. 0. 0.],0.3,0.3,0.01,0.01,,
17,51,0.7032999491937788,0.16640165724273048,1.3135783631427616,1.3135783631427616,224,224,0.0,0.0,0.15,0.15,[0. 0. 0. 0. 0. 0. 0. 0. 0. 0. 0. 0.],[0. 0. 0. 0. 0. 0. 0. 0. 0. 0. 0. 0.],0.3,0.3,0.01,0.01,,
18,38,-2.132138439046334,-1.7499250262408153,1.3952222866447348,1.3952222866447348,164,164,1.0,1.0,0.15,0.15,[0. 0. 0. 0. 0. 0. 0. 0. 0. 0. 0. 0.],[0. 0. 0. 0. 0. 0. 0. 0. 0. 0. 0. 0.],0.3,0.3,0.01,0.01,,
19,43,-1.204422393192283,-2.127865816354188,1.339499138122381,1.339499138122381,203,203,1.0,1.0,0.15,0.15,[0. 0. 0. 0. 0. 0. 0. 0. 0. 0. 0. 0.],[0. 0. 0. 0. 0. 0. 0. 0. 0. 0. 0. 0.],0.3,0.3,0.01,0.01,,
20,51,0.6022998381773015,0.2096521525247443,1.4977728841351527,1.4977728841351527,235,235,0.0,0.0,0.15,0.15,[0. 0. 0. 0. 0. 0. 0. 0. 0. 0. 0. 0.],[0. 0. 0. 0. 0. 0. 0. 0. 0. 0. 0. 0.],0.3,0.3,0.01,0.01,,
21,51,0.5245196557631913,0.12744837988245694,1.4841999785572875,1.4841999785572875,229,229,0.0,0.0,0.15,0.15,[0. 0. 0. 0. 0. 0. 0. 0. 0. 0. 0. 0.],[0. 0. 0. 0. 0. 0. 0. 0. 0. 0. 0. 0.],0.3,0.3,0.01,0.01,,
22,51,0.468841084183259,0.5409860602500249,1.379069400768654,1.379069400768654,263,263,0.0,0.0,0.15,0.15,[0. 0. 0. 0. 0. 0. 0. 0. 0. 0. 0. 0.],[0. 0. 0. 0. 0. 0. 0. 0. 0. 0. 0. 0.],0.3,0.3,0.01,0.01,,
23,51,0.6226353167529638,0.27925870425870425,1.6015075380895651,1.6015075380895651,181,181,0.0,0.0,0.15,0.15,[0. 0. 0. 0. 0. 0. 0. 0. 0. 0. 0. 0.],[0. 0. 0. 0. 0. 0. 0. 0. 0. 0. 0. 0.],0.3,0.3,0.01,0.01,,
24,51,0.280453912498757,0.4382704876822524,1.4165449341138203,1.4165449341138203,256,256,0.0,0.0,0.15,0.15,[0. 0. 0. 0. 0. 0. 0. 0. 0. 0. 0. 0.],[0. 0. 0. 0. 0. 0. 0. 0. 0. 0. 0. 0.],0.3,0.3,0.01,0.01,,
25,51,0.901151980951371,0.22775209240045113,1.3337149099976409,1.3337149099976409,216,216,0.0,0.0,0.15,0.15,[0. 0. 0. 0. 0. 0. 0. 0. 0. 0. 0. 0.],[0. 0. 0. 0. 0. 0. 0. 0. 0. 0. 0. 0.],0.3,0.3,0.01,0.01,,
26,51,0.4890175353216779,0.4846152919682333,1.4699522277303771,1.4699522277303771,228,228,0.0,0.0,0.15,0.15,[0. 0. 0. 0. 0. 0. 0. 0. 0. 0. 0. 0.],[0. 0. 0. 0. 0. 0. 0. 0. 0. 0. 0. 0.],0.3,0.3,0.01,0.01,,
27,51,0.6662586773839971,0.1936082296212428,1.4495062968310188,1.4495062968310188,220,220,0.0,0.0,0.15,0.15,[0. 0. 0. 0. 0. 0. 0. 0. 0. 0. 0. 0.],[0. 0. 0. 0. 0. 0. 0. 0. 0. 0. 0. 0.],0.3,0.3,0.01,0.01,,
28,51,0.4509259259259259,0.5128082603202498,1.3124261130304897,1.3124261130304897,246,246,0.0,0.0,0.15,0.15,[0. 0. 0. 0. 0. 0. 0. 0. 0. 0. 0. 0.],[0. 0. 0. 0. 0. 0. 0. 0. 0. 0. 0. 0.],0.3,0.3,0.01,0.01,,
29,51,0.6623675273702267,0.21210652376892788,1.4317798690468657,1.4317798690468657,284,284,0.0,0.0,0.15,0.15,[0. 0. 0. 0. 0. 0. 0. 0. 0. 0. 0. 0.],[0. 0. 0. 0. 0. 0. 0. 0. 0. 0. 0. 0.],0.3,0.3,0.01,0.01,,
30,51,0.7149595339926642,0.42014409452489937,1.5142530132742489,1.5142530132742489,216,216,0.0,0.0,0.15,0.15,[0. 0. 0. 0. 0. 0. 0. 0. 0. 0. 0. 0.],[0. 0. 0. 0. 0. 0. 0. 0. 0. 0. 0. 0.],0.3,0.3,0.01,0.01,,
31,51,0.7077085223514485,0.3623294584395155,1.3133009625416177,1.3133009625416177,272,272,0.0,0.0,0.15,0.15,[0. 0. 0. 0. 0. 0. 0. 0. 0. 0. 0. 0.],[0. 0. 0. 0. 0. 0. 0. 0. 0. 0. 0. 0.],0.3,0.3,0.01,0.01,,
32,51,0.30348483777533686,0.8114903697447863,1.3409119379871033,1.3409119379871033,251,251,0.0,0.0,0.15,0.15,[0. 0. 0. 0. 0. 0. 0. 0. 0. 0. 0. 0.],[0. 0. 0. 0. 0. 0. 0. 0. 0. 0. 0. 0.],0.3,0.3,0.01,0.01,,
33,51,0.2595138549222467,0.8280261031828031,1.4993179598275352,1.4993179598275352,265,265,0.0,0.0,0.15,0.15,[0. 0. 0. 0. 0. 0. 0. 0. 0. 0. 0. 0.],[0. 0. 0. 0. 0. 0. 0. 0. 0. 0. 0. 0.],0.3,0.3,0.01,0.01,,
34,51,0.26336777068632944,0.49338332371204346,1.3835634437261843,1.3835634437261843,236,236,0.0,0.0,0.15,0.15,[0. 0. 0. 0. 0. 0. 0. 0. 0. 0. 0. 0.],[0. 0. 0. 0. 0. 0. 0. 0. 0. 0. 0. 0.],0.3,0.3,0.01,0.01,,
35,51,0.7877164119419192,0.300642187347156,1.38195059930577,1.38195059930577,274,274,0.0,0.0,0.15,0.15,[0. 0. 0. 0. 0. 0. 0. 0. 0. 0. 0. 0.],[0. 0. 0. 0. 0. 0. 0. 0. 0. 0. 0. 0.],0.3,0.3,0.01,0.01,,
36,33,0.5778731864293362,0.725931107477158,1.364420493443807,1.364420493443807,250,250,0.0,0.0,0.15,0.15,[0. 0. 0. 0. 0. 0. 0. 0. 0. 0. 0. 0.],[0. 0. 0. 0. 0. 0. 0. 0. 0. 0. 0. 0.],0.3,0.3,0.01,0.01,,
37,51,0.7383954594098944,0.18473530906698463,1.4234786360871559,1.4234786360871559,201,201,0.0,0.0,0.15,0.15,[0. 0. 0. 0. 0. 0. 0. 0. 0. 0. 0. 0.],[0. 0. 0. 0. 0. 0. 0. 0. 0. 0. 0. 0.],0.3,0.3,0.01,0.01,,
38,51,0.6914543631073127,0.32324929971988786,1.362010678239897,1.362010678239897,240,240,0.0,0.0,0.15,0.15,[0. 0. 0. 0. 0. 0. 0. 0. 0. 0. 0. 0.],[0. 0. 0. 0. 0. 0. 0. 0. 0. 0. 0. 0.],0.3,0.3,0.01,0.01,,
39,51,0.7040627061372777,0.3557450639800515,1.3710882476731843,1.3710882476731843,240,240,0.0,0.0,0.15,0.15,[0. 0. 0. 0. 0. 0. 0. 0. 0. 0. 0. 0.],[0. 0. 0. 0. 0. 0. 0. 0. 0. 0. 0. 0.],0.3,0.3,0.01,0.01,,
40,24,-3.2236607142857143,-2.543707103082103,1.22835823148489,1.22835823148489,165,165,1.0,1.0,0.15,0.15,[0. 0. 0. 0. 0. 0. 0. 0. 0. 0. 0. 0.],[0. 0. 0. 0. 0. 0. 0. 0. 0. 0. 0. 0.],0.3,0.3,0.01,0.01,,
41,51,0.12813763186433993,0.7054002028477036,1.4267566654027677,1.4267566654027677,218,218,0.0,0.0,0.15,0.15,[0. 0. 0. 0. 0. 0. 0. 0. 0. 0. 0. 0.],[0. 0. 0. 0. 0. 0. 0. 0. 0. 0. 0. 0.],0.3,0.3,0.01,0.01,,
42,26,-2.497380059236467,-2.7808369167064817,1.5100414225688348,1.5100414225688348,200,200,1.0,1.0,0.15,0.15,[0. 0. 0. 0. 0. 0. 0. 0. 0. 0. 0. 0.],[0. 0. 0. 0. 0. 0. 0. 0. 0. 0. 0. 0.],0.3,0.3,0.01,0.01,,
43,51,0.4151053406925763,0.9215615467367658,1.5486026967273039,1.5486026967273039,248,248,0.0,0.0,0.15,0.15,[0. 0. 0. 0. 0. 0. 0. 0. 0. 0. 0. 0.],[0. 0. 0. 0. 0. 0. 0. 0. 0. 0. 0. 0.],0.3,0.3,0.01,0.01,,
44,51,0.9734479123702143,0.06097266585376724,1.5056130909452252,1.5056130909452252,212,212,0.0,0.0,0.15,0.15,[0. 0. 0. 0. 0. 0. 0. 0. 0. 0. 0. 0.],[0. 0. 0. 0. 0. 0. 0. 0. 0. 0. 0. 0.],0.3,0.3,0.01,0.01,,
45,51,0.8209807049705095,0.27880730128408143,1.43798541292256,1.43798541292256,255,255,0.0,0.0,0.15,0.15,[0. 0. 0. 0. 0. 0. 0. 0. 0. 0. 0. 0.],[0. 0. 0. 0. 0. 0. 0. 0. 0. 0. 0. 0.],0.3,0.3,0.01,0.01,,
46,31,1.293005587445316,0.6429878967682094,1.4699410738483552,1.4699410738483552,260,260,0.0,0.0,0.15,0.15,[0. 0. 0. 0. 0. 0. 0. 0. 0. 0. 0. 0.],[0. 0. 0. 0. 0. 0. 0. 0. 0. 0. 0. 0.],0.3,0.3,0.01,0.01,,
47,51,0.5065134009753418,0.4126163331626777,1.367407369263032,1.367407369263032,236,236,0.0,0.0,0.15,0.15,[0. 0. 0. 0. 0. 0. 0. 0. 0. 0. 0. 0.],[0. 0. 0. 0. 0. 0. 0. 0. 0. 0. 0. 0.],0.3,0.3,0.01,0.01,,
48,51,0.8571645972974246,0.40416964450546916,1.3559717781403486,1.3559717781403486,243,243,0.0,0.0,0.15,0.15,[0. 0. 0. 0. 0. 0. 0. 0. 0. 0. 0. 0.],[0. 0. 0. 0. 0. 0. 0. 0. 0. 0. 0. 0.],0.3,0.3,0.01,0.01,,
49,51,0.6356023273197687,0.27029657665311196,1.5114445481814591,1.5114445481814591,261,261,0.0,0.0,0.15,0.15,[0. 0. 0. 0. 0. 0. 0. 0. 0. 0. 0. 0.],[0. 0. 0. 0. 0. 0. 0. 0. 0. 0. 0. 0.],0.3,0.3,0.01,0.01,,
50,51,0.2993030407641413,0.7138984170965472,1.3622997005780537,1.3622997005780537,191,191,0.0,0.0,0.15,0.15,[0. 0. 0. 0. 0. 0. 0. 0. 0. 0. 0. 0.],[0. 0. 0. 0. 0. 0. 0. 0. 0. 0. 0. 0.],0.3,0.3,0.01,0.01,,
51,51,0.48221935136129823,0.16685445524271586,1.2626564339095472,1.2626564339095472,211,211,0.0,0.0,0.15,0.15,[0. 0. 0. 0. 0. 0. 0. 0. 0. 0. 0. 0.],[0. 0. 0. 0. 0. 0. 0. 0. 0. 0. 0. 0.],0.3,0.3,0.01,0.01,,
52,51,0.6016329881282613,0.6085610740022506,1.5480347006928687,1.5480347006928687,248,248,0.0,0.0,0.15,0.15,[0. 0. 0. 0. 0. 0. 0. 0. 0. 0. 0. 0.],[0. 0. 0. 0. 0. 0. 0. 0. 0. 0. 0. 0.],0.3,0.3,0.01,0.01,,
53,51,0.7055786871929284,0.2132875273547757,1.3319211064600478,1.3319211064600478,263,263,0.0,0.0,0.15,0.15,[0. 0. 0. 0. 0. 0. 0. 0. 0. 0. 0. 0.],[0. 0. 0. 0. 0. 0. 0. 0. 0. 0. 0. 0.],0.3,0.3,0.01,0.01,,
54,51,0.6561371340783105,0.2787780749902519,1.3451653298209696,1.3451653298209696,206,206,0.0,0.0,0.15,0.15,[0. 0. 0. 0. 0. 0. 0. 0. 0. 0. 0. 0.],[0. 0. 0. 0. 0. 0. 0. 0. 0. 0. 0. 0.],0.3,0.3,0.01,0.01,,
55,51,0.7325447217762208,0.2985182573417868,1.3540410937047471,1.3540410937047471,225,225,0.0,0.0,0.15,0.15,[0. 0. 0. 0. 0. 0. 0. 0. 0. 0. 0. 0.],[0. 0. 0. 0. 0. 0. 0. 0. 0. 0. 0. 0.],0.3,0.3,0.01,0.01,,
56,51,0.39535566181861764,0.7309052393028054,1.5301700012356627,1.5301700012356627,277,277,0.0,0.0,0.15,0.15,[0. 0. 0. 0. 0. 0. 0. 0. 0. 0. 0. 0.],[0. 0. 0. 0. 0. 0. 0. 0. 0. 0. 0. 0.],0.3,0.3,0.01,0.01,,
57,51,0.5569513103070783,0.25703400629871215,1.5062510266023523,1.5062510266023523,228,228,0.0,0.0,0.15,0.15,[0. 0. 0. 0. 0. 0. 0. 0. 0. 0. 0. 0.],[0. 0. 0. 0. 0. 0. 0. 0. 0. 0. 0. 0.],0.3,0.3,0.01,0.01,,
58,51,0.3107257751994594,0.7531888589811069,1.3194860500447891,1.3194860500447891,259,259,0.0,0.0,0.15,0.15,[0. 0. 0. 0. 0. 0. 0. 0. 0. 0. 0. 0.],[0. 0. 0. 0. 0. 0. 0. 0. 0. 0. 0. 0.],0.3,0.3,0.01,0.01,,
59,51,0.6792129439188261,0.49512335789425577,1.5056561675726199,1.5056561675726199,210,210,0.0,0.0,0.15,0.15,[0. 0. 0. 0. 0. 0. 0. 0. 0. 0. 0. 0.],[0. 0. 0. 0. 0. 0. 0. 0. 0. 0. 0. 0.],0.3,0.3,0.01,0.01,,
60,32,-1.9132095797720796,-2.964483433233433,1.2853377917781472,1.2853377917781472,158,158,1.0,1.0,0.15,0.15,[0. 0. 0. 0. 0. 0. 0. 0. 0. 0. 0. 0.],[0. 0. 0. 0. 0. 0. 0. 0. 0. 0. 0. 0.],0.3,0.3,0.01,0.01,,
61,51,0.5091747965555748,0.6237617024223753,1.255062994857629,1.255062994857629,235,235,0.0,0.0,0.15,0.15,[0. 0. 0. 0. 0. 0. 0. 0. 0. 0. 0. 0.],[0. 0. 0. 0. 0. 0. 0. 0. 0. 0. 0. 0.],0.3,0.3,0.01,0.01,,
62,51,0.14148291712742314,0.856636500754148,1.504334874012891,1.504334874012891,188,188,0.0,0.0,0.15,0.15,[0. 0. 0. 0. 0. 0. 0. 0. 0. 0. 0. 0.],[0. 0. 0. 0. 0. 0. 0. 0. 0. 0. 0. 0.],0.3,0.3,0.01,0.01,,
63,51,0.24148891035080294,0.9363748724042843,1.3824475898462183,1.3824475898462183,241,241,0.0,0.0,0.15,0.15,[0. 0. 0. 0. 0. 0. 0. 0. 0. 0. 0. 0.],[0. 0. 0. 0. 0. 0. 0. 0. 0. 0. 0. 0.],0.3,0.3,0.01,0.01,,
64,51,0.2776550620172313,0.8508987184617436,1.353250374396642,1.353250374396642,233,233,0.0,0.0,0.15,0.15,[0. 0. 0. 0. 0. 0. 0. 0. 0. 0. 0. 0.],[0. 0. 0. 0. 0. 0. 0. 0. 0. 0. 0. 0.],0.3,0.3,0.01,0.01,,
65,51,0.0921732750680119,0.9750656291069077,1.2448943917657815,1.2448943917657815,195,195,0.0,0.0,0.15,0.15,[0. 0. 0. 0. 0. 0. 0. 0. 0. 0. 0. 0.],[0. 0. 0. 0. 0. 0. 0. 0. 0. 0. 0. 0.],0.3,0.3,0.01,0.01,,
66,51,0.3853373122178502,0.5195001634630119,1.518503970375248,1.518503970375248,236,236,0.0,0.0,0.15,0.15,[0. 0. 0. 0. 0. 0. 0. 0. 0. 0. 0. 0.],[0. 0. 0. 0. 0. 0. 0. 0. 0. 0. 0. 0.],0.3,0.3,0.01,0.01,,
67,51,0.6161185879002513,0.21375142959895285,1.467934484575309,1.467934484575309,197,197,0.0,0.0,0.15,0.15,[0. 0. 0. 0. 0. 0. 0. 0. 0. 0. 0. 0.],[0. 0. 0. 0. 0. 0. 0. 0. 0. 0. 0. 0.],0.3,0.3,0.01,0.01,,
68,51,0.44517584811702454,0.4118292650162745,1.485854384945888,1.485854384945888,238,238,0.0,0.0,0.15,0.15,[0. 0. 0. 0. 0. 0. 0. 0. 0. 0. 0. 0.],[0. 0. 0. 0. 0. 0. 0. 0. 0. 0. 0. 0.],0.3,0.3,0.01,0.01,,
69,51,0.4838388346791707,0.46546467642910866,1.5027354418062697,1.5027354418062697,230,230,0.0,0.0,0.15,0.15,[0. 0. 0. 0. 0. 0. 0. 0. 0. 0. 0. 0.],[0. 0. 0. 0. 0. 0. 0. 0. 0. 0. 0. 0.],0.3,0.3,0.01,0.01,,
70,51,0.6873381236552593,0.5802701491452781,1.5035418815472548,1.5035418815472548,232,232,0.0,0.0,0.15,0.15,[0. 0. 0. 0. 0. 0. 0. 0. 0. 0. 0. 0.],[0. 0. 0. 0. 0. 0. 0. 0. 0. 0. 0. 0.],0.3,0.3,0.01,0.01,,
71,51,0.5006844890342366,0.2219858180023362,1.3678199163838929,1.3678199163838929,249,249,0.0,0.0,0.15,0.15,[0. 0. 0. 0. 0. 0. 0. 0. 0. 0. 0. 0.],[0. 0. 0. 0. 0. 0. 0. 0. 0. 0. 0. 0.],0.3,0.3,0.01,0.01,,
72,51,0.21666030048382987,0.9697850736670255,1.4422579454440696,1.4422579454440696,229,229,0.0,0.0,0.15,0.15,[0. 0. 0. 0. 0. 0. 0. 0. 0. 0. 0. 0.],[0. 0. 0. 0. 0. 0. 0. 0. 0. 0. 0. 0.],0.3,0.3,0.01,0.01,,
73,51,0.536005382545175,0.6634097723923611,1.3968970062685948,1.3968970062685948,241,241,0.0,0.0,0.15,0.15,[0. 0. 0. 0. 0. 0. 0. 0. 0. 0. 0. 0.],[0. 0. 0. 0. 0. 0. 0. 0. 0. 0. 0. 0.],0.3,0.3,0.01,0.01,,
74,51,0.667165633501102,0.5014394646747588,1.4402624111549527,1.4402624111549527,193,193,0.0,0.0,0.15,0.15,[0. 0. 0. 0. 0. 0. 0. 0. 0. 0. 0. 0.],[0. 0. 0. 0. 0. 0. 0. 0. 0. 0. 0. 0.],0.3,0.3,0.01,0.01,,
75,51,0.6806478491626928,0.4549959679216645,1.353945157107185,1.353945157107185,246,246,0.0,0.0,0.15,0.15,[0. 0. 0. 0. 0. 0. 0. 0. 0. 0. 0. 0.],[0. 0. 0. 0. 0. 0. 0. 0. 0. 0. 0. 0.],0.3,0.3,0.01,0.01,,
76,51,0.8474430466757834,0.2435068471833178,1.440155932716295,1.440155932716295,184,184,0.0,0.0,0.15,0.15,[0. 0. 0. 0. 0. 0. 0. 0. 0. 0. 0. 0.],[0. 0. 0. 0. 0. 0. 0. 0. 0. 0. 0. 0.],0.3,0.3,0.01,0.01,,
77,51,0.26638988974629113,0.8934640522875817,1.4100780527965695,1.4100780527965695,211,211,0.0,0.0,0.15,0.15,[0. 0. 0. 0. 0. 0. 0. 0. 0. 0. 0. 0.],[0. 0. 0. 0. 0. 0. 0. 0. 0. 0. 0. 0.],0.3,0.3,0.01,0.01,,
78,51,0.9927433566962596,0.0888322498462029,1.3060129267327927,1.3060129267327927,191,191,0.0,0.0,0.15,0.15,[0. 0. 0. 0. 0. 0. 0. 0. 0. 0. 0. 0.],[0. 0. 0. 0. 0. 0. 0. 0. 0. 0. 0. 0.],0.3,0.3,0.01,0.01,,
79,51,0.5499662427079557,0.3788269153815373,1.5242304083179026,1.5242304083179026,245,245,0.0,0.0,0.15,0.15,[0. 0. 0. 0. 0. 0. 0. 0. 0. 0. 0. 0.],[0. 0. 0. 0. 0. 0. 0. 0. 0. 0. 0. 0.],0.3,0.3,0.01,0.01,,
80,51,0.544694975416038,0.293313580484474,1.4670472098331826,1.4670472098331826,247,247,0.0,0.0,0.15,0.15,[0. 0. 0. 0. 0. 0. 0. 0. 0. 0. 0. 0.],[0. 0. 0. 0. 0. 0. 0. 0. 0. 0. 0. 0.],0.3,0.3,0.01,0.01,,
81,51,0.30867599176422705,0.5238549011688589,1.5276937087376912,1.5276937087376912,198,198,0.0,0.0,0.15,0.15,[0. 0. 0. 0. 0. 0. 0. 0. 0. 0. 0. 0.],[0. 0. 0. 0. 0. 0. 0. 0. 0. 0. 0. 0.],0.3,0.3,0.01,0.01,,
82,51,0.2732720377958039,0.6969388265372967,1.5596156324826034,1.5596156324826034,237,237,0.0,0.0,0.15,0.15,[0. 0. 0. 0. 0. 0. 0. 0. 0. 0. 0. 0.],[0. 0. 0. 0. 0. 0. 0. 0. 0. 0. 0. 0.],0.3,0.3,0.01,0.01,,
83,51,0.6117649664863288,0.3819013574360814,1.2389844127145468,1.2389844127145468,235,235,0.0,0.0,0.15,0.15,[0. 0. 0. 0. 0. 0. 0. 0. 0. 0. 0. 0.],[0. 0. 0. 0. 0. 0. 0. 0. 0. 0. 0. 0.],0.3,0.3,0.01,0.01,,
84,51,0.4828403527892019,0.7916920563857981,1.4399920853914,1.4399920853914,246,246,0.0,0.0,0.15,0.15,[0. 0. 0. 0. 0. 0. 0. 0. 0. 0. 0. 0.],[0. 0. 0. 0. 0. 0. 0. 0. 0. 0. 0. 0.],0.3,0.3,0.01,0.01,,
85,51,0.835387462320059,0.40322906940553993,1.4327058190224218,1.4327058190224218,221,221,0.0,0.0,0.15,0.15,[0. 0. 0. 0. 0. 0. 0. 0. 0. 0. 0. 0.],[0. 0. 0. 0. 0. 0. 0. 0. 0. 0. 0. 0.],0.3,0.3,0.01,0.01,,
86,51,0.2308520243322647,0.8580583840629481,1.4788677143115623,1.4788677143115623,233,233,0.0,0.0,0.15,0.15,[0. 0. 0. 0. 0. 0. 0. 0. 0. 0. 0. 0.],[0. 0. 0. 0. 0. 0. 0. 0. 0. 0. 0. 0.],0.3,0.3,0.01,0.01,,
87,51,0.7332588590991952,0.2644977029350341,1.3020528578290753,1.3020528578290753,233,233,0.0,0.0,0.15,0.15,[0. 0. 0. 0. 0. 0. 0. 0. 0. 0. 0. 0.],[0. 0. 0. 0. 0. 0. 0. 0. 0. 0. 0. 0.],0.3,0.3,0.01,0.01,,
88,51,0.30537179321886887,0.5595863272441465,1.526819022847157,1.526819022847157,210,210,0.0,0.0,0.15,0.15,[0. 0. 0. 0. 0. 0. 0. 0. 0. 0. 0. 0.],[0. 0. 0. 0. 0. 0. 0. 0. 0. 0. 0. 0.],0.3,0.3,0.01,0.01,,
89,51,0.7280143342388128,0.12073996172521029,1.374675424075594,1.374675424075594,242,242,0.0,0.0,0.15,0.15,[0. 0. 0. 0. 0. 0. 0. 0. 0. 0. 0. 0.],[0. 0. 0. 0. 0. 0. 0. 0. 0. 0. 0. 0.],0.3,0.3,0.01,0.01,,
90,51,0.34300410944057197,0.7595255106091018,1.5752097914616268,1.5752097914616268,247,247,0.0,0.0,0.15,0.15,[0. 0. 0. 0. 0. 0. 0. 0. 0. 0. 0. 0.],[0. 0. 0. 0. 0. 0. 0. 0. 0. 0. 0. 0.],0.3,0.3,0.01,0.01,,
91,51,0.43621365343690904,0.20426615762156963,1.4345404809596491,1.4345404809596491,228,228,0.0,0.0,0.15,0.15,[0. 0. 0. 0. 0. 0. 0. 0. 0. 0. 0. 0.],[0. 0. 0. 0. 0. 0. 0. 0. 0. 0. 0. 0.],0.3,0.3,0.01,0.01,,
92,51,0.3319876274016851,0.33018421380586044,1.3216236289225372,1.3216236289225372,187,187,0.0,0.0,0.15,0.15,[0. 0. 0. 0. 0. 0. 0. 0. 0. 0. 0. 0.],[0. 0. 0. 0. 0. 0. 0. 0. 0. 0. 0. 0.],0.3,0.3,0.01,0.01,,
93,51,0.6497020376778163,0.48875352986723153,1.3768054428053838,1.3768054428053838,185,185,0.0,0.0,0.15,0.15,[0. 0. 0. 0. 0. 0. 0. 0. 0. 0. 0. 0.],[0. 0. 0. 0. 0. 0. 0. 0. 0. 0. 0. 0.],0.3,0.3,0.01,0.01,,
94,51,0.7863651015961941,0.455618386298135,1.2902469366204505,1.2902469366204505,212,212,0.0,0.0,0.15,0.15,[0. 0. 0. 0. 0. 0. 0. 0. 0. 0. 0. 0.],[0. 0. 0. 0. 0. 0. 0. 0. 0. 0. 0. 0.],0.3,0.3,0.01,0.01,,
95,51,0.13613086260145085,0.7769208599577957,1.3370163756258346,1.3370163756258346,194,194,0.0,0.0,0.15,0.15,[0. 0. 0. 0. 0. 0. 0. 0. 0. 0. 0. 0.],[0. 0. 0. 0. 0. 0. 0. 0. 0. 0. 0. 0.],0.3,0.3,0.01,0.01,,
96,51,0.572394109158815,0.2779213957614878,1.4802132114475848,1.4802132114475848,225,225,0.0,0.0,0.15,0.15,[0. 0. 0. 0. 0. 0. 0. 0. 0. 0. 0. 0.],[0. 0. 0. 0. 0. 0. 0. 0. 0. 0. 0. 0.],0.3,0.3,0.01,0.01,,
97,51,0.30261969702933206,0.5775234231384678,1.366881017591439,1.366881017591439,248,248,0.0,0.0,0.15,0.15,[0. 0. 0. 0. 0. 0. 0. 0. 0. 0. 0. 0.],[0. 0. 0. 0. 0. 0. 0. 0. 0. 0. 0. 0.],0.3,0.3,0.01,0.01,,
98,51,0.22722473604826546,0.6287284038772173,1.4021982293502957,1.4021982293502957,257,257,0.0,0.0,0.15,0.15,[0. 0. 0. 0. 0. 0. 0. 0. 0. 0. 0. 0.],[0. 0. 0. 0. 0. 0. 0. 0. 0. 0. 0. 0.],0.3,0.3,0.01,0.01,,
99,51,0.8694008749745834,0.26533161187140425,1.3891599014693616,1.3891599014693616,253,253,0.0,0.0,0.15,0.15,[0. 0. 0. 0. 0. 0. 0. 0. 0. 0. 0. 0.],[0. 0. 0. 0. 0. 0. 0. 0. 0. 0. 0. 0.],0.3,0.3,0.01,0.01,,
100,51,0.4823864752191828,0.7751471736314762,1.286611879573149,1.286611879573149,248,248,0.0,0.0,0.15,0.15,[0. 0. 0. 0. 0. 0. 0. 0. 0. 0. 0. 0.],[0. 0. 0. 0. 0. 0. 0. 0. 0. 0. 0. 0.],0.3,0.3,0.01,0.01,,
101,51,0.3598170789192461,0.4505194625883737,1.3576302975416183,1.3576302975416183,229,229,0.0,0.0,0.15,0.15,[0. 0. 0. 0. 0. 0. 0. 0. 0. 0. 0. 0.],[0. 0. 0. 0. 0. 0. 0. 0. 0. 0. 0. 0.],0.3,0.3,0.01,0.01,,
102,51,0.8812620193075602,0.2252352640982483,1.3524708759550954,1.3524708759550954,183,183,0.0,0.0,0.15,0.15,[0. 0. 0. 0. 0. 0. 0. 0. 0. 0. 0. 0.],[0. 0. 0. 0. 0. 0. 0. 0. 0. 0. 0. 0.],0.3,0.3,0.01,0.01,,
103,51,0.34465020252322986,0.8618734477126975,1.4088456741735047,1.4088456741735047,237,237,0.0,0.0,0.15,0.15,[0. 0. 0. 0. 0. 0. 0. 0. 0. 0. 0. 0.],[0. 0. 0. 0. 0. 0. 0. 0. 0. 0. 0. 0.],0.3,0.3,0.01,0.01,,
104,51,0.22806295919041011,0.6449825150875146,1.4445656754222571,1.4445656754222571,237,237,0.0,0.0,0.15,0.15,[0. 0. 0. 0. 0. 0. 0. 0. 0. 0. 0. 0.],[0. 0. 0. 0. 0. 0. 0. 0. 0. 0. 0. 0.],0.3,0.3,0.01,0.01,,
105,51,0.30897187846362256,0.5990159907008851,1.4590112940937865,1.4590112940937865,267,267,0.0,0.0,0.15,0.15,[0. 0. 0. 0. 0. 0. 0. 0. 0. 0. 0. 0.],[0. 0. 0. 0. 0. 0. 0. 0. 0. 0. 0. 0.],0.3,0.3,0.01,0.01,,
106,51,0.3506290662939698,0.815054493267997,1.4030453609485252,1.4030453609485252,246,246,0.0,0.0,0.15,0.15,[0. 0. 0. 0. 0. 0. 0. 0. 0. 0. 0. 0.],[0. 0. 0. 0. 0. 0. 0. 0. 0. 0. 0. 0.],0.3,0.3,0.01,0.01,,
107,51,0.2687339077044959,0.5458871364869059,1.355048562966141,1.355048562966141,190,190,0.0,0.0,0.15,0.15,[0. 0. 0. 0. 0. 0. 0. 0. 0. 0. 0. 0.],[0. 0. 0. 0. 0. 0. 0. 0. 0. 0. 0. 0.],0.3,0.3,0.01,0.01,,
108,51,0.5401551094084754,0.3956546841540075,1.2457148800877964,1.2457148800877964,239,239,0.0,0.0,0.15,0.15,[0. 0. 0. 0. 0. 0. 0. 0. 0. 0. 0. 0.],[0. 0. 0. 0. 0. 0. 0. 0. 0. 0. 0. 0.],0.3,0.3,0.01,0.01,,
109,51,0.8044952046798551,0.5031920488064533,1.527581665153597,1.527581665153597,221,221,0.0,0.0,0.15,0.15,[0. 0. 0. 0. 0. 0. 0. 0. 0. 0. 0. 0.],[0. 0. 0. 0. 0. 0. 0. 0. 0. 0. 0. 0.],0.3,0.3,0.01,0.01,,
110,51,0.09757583421361575,1.0128630005699621,1.5212445785017574,1.5212445785017574,233,233,0.0,0.0,0.15,0.15,[0. 0. 0. 0. 0. 0. 0. 0. 0. 0. 0. 0.],[0. 0. 0. 0. 0. 0. 0. 0. 0. 0. 0. 0.],0.3,0.3,0.01,0.01,,
111,51,0.7678136614122775,0.2622908768125734,1.3150869748171639,1.3150869748171639,216,216,0.0,0.0,0.15,0.15,[0. 0. 0. 0. 0. 0. 0. 0. 0. 0. 0. 0.],[0. 0. 0. 0. 0. 0. 0. 0. 0. 0. 0. 0.],0.3,0.3,0.01,0.01,,
112,51,0.9104781372020588,0.3545869344888953,1.4415122130337883,1.4415122130337883,250,250,0.0,0.0,0.15,0.15,[0. 0. 0. 0. 0. 0. 0. 0. 0. 0. 0. 0.],[0. 0. 0. 0. 0. 0. 0. 0. 0. 0. 0. 0.],0.3,0.3,0.01,0.01,,
113,51,0.69815791054136,0.237550070358832,1.4123686762417065,1.4123686762417065,278,278,0.0,0.0,0.15,0.15,[0. 0. 0. 0. 0. 0. 0. 0. 0. 0. 0. 0.],[0. 0. 0. 0. 0. 0. 0. 0. 0. 0. 0. 0.],0.3,0.3,0.01,0.01,,
114,50,0.37295171067159616,0.691271499405112,1.4595169532299042,1.4595169532299042,261,261,0.0,0.0,0.15,0.15,[0. 0. 0. 0. 0. 0. 0. 0. 0. 0. 0. 0.],[0. 0. 0. 0. 0. 0. 0. 0. 0. 0. 0. 0.],0.3,0.3,0.01,0.01,,
115,51,0.8407705867503625,0.2304857607739596,1.3139060741546107,1.3139060741546107,252,252,0.0,0.0,0.15,0.15,[0. 0. 0. 0. 0. 0. 0. 0. 0. 0. 0. 0.],[0. 0. 0. 0. 0. 0. 0. 0. 0. 0. 0. 0.],0.3,0.3,0.01,0.01,,
116,51,0.46972635207929325,0.25424544377831576,1.3369134290545595,1.3369134290545595,208,208,0.0,0.0,0.15,0.15,[0. 0. 0. 0. 0. 0. 0. 0. 0. 0. 0. 0.],[0. 0. 0. 0. 0. 0. 0. 0. 0. 0. 0. 0.],0.3,0.3,0.01,0.01,,
117,51,0.8327994445641504,0.3457199090591282,1.3710345012300156,1.3710345012300156,263,263,0.0,0.0,0.15,0.15,[0. 0. 0. 0. 0. 0. 0. 0. 0. 0. 0. 0.],[0. 0. 0. 0. 0. 0. 0. 0. 0. 0. 0. 0.],0.3,0.3,0.01,0.01,,
118,51,0.35021726639373707,0.17263343819455626,1.413530489393309,1.413530489393309,156,156,0.0,0.0,0.15,0.15,[0. 0. 0. 0. 0. 0. 0. 0. 0. 0. 0. 0.],[0. 0. 0. 0. 0. 0. 0. 0. 0. 0. 0. 0.],0.3,0.3,0.01,0.01,,
119,51,0.27884723888184093,0.7310771809889096,1.4112449755855636,1.4112449755855636,239,239,0.0,0.0,0.15,0.15,[0. 0. 0. 0. 0. 0. 0. 0. 0. 0. 0. 0.],[0. 0. 0. 0. 0. 0. 0. 0. 0. 0. 0. 0.],0.3,0.3,0.01,0.01,,
120,51,-1.2142226471177926,-1.7077475815091914,1.3407529382144703,1.3407529382144703,226,226,1.0,1.0,0.15,0.15,[0. 0. 0. 0. 0. 0. 0. 0. 0. 0. 0. 0.],[0. 0. 0. 0. 0. 0. 0. 0. 0. 0. 0. 0.],0.3,0.3,0.01,0.01,,
121,51,0.49334036613676013,0.734389584443764,1.2851086445883209,1.2851086445883209,262,262,0.0,0.0,0.15,0.15,[0. 0. 0. 0. 0. 0. 0. 0. 0. 0. 0. 0.],[0. 0. 0. 0. 0. 0. 0. 0. 0. 0. 0. 0.],0.3,0.3,0.01,0.01,,
122,51,0.8379316243157077,0.27886900681018334,1.443322306170183,1.443322306170183,235,235,0.0,0.0,0.15,0.15,[0. 0. 0. 0. 0. 0. 0. 0. 0. 0. 0. 0.],[0. 0. 0. 0. 0. 0. 0. 0. 0. 0. 0. 0.],0.3,0.3,0.01,0.01,,
123,51,0.7100704787249044,0.36405753309812094,1.3507846196492512,1.3507846196492512,220,220,0.0,0.0,0.15,0.15,[0. 0. 0. 0. 0. 0. 0. 0. 0. 0. 0. 0.],[0. 0. 0. 0. 0. 0. 0. 0. 0. 0. 0. 0.],0.3,0.3,0.01,0.01,,
124,51,0.31011758425602043,0.6115220858538646,1.4786839619571088,1.4786839619571088,250,250,0.0,0.0,0.15,0.15,[0. 0. 0. 0. 0. 0. 0. 0. 0. 0. 0. 0.],[0. 0. 0. 0. 0. 0. 0. 0. 0. 0. 0. 0.],0.3,0.3,0.01,0.01,,
125,51,0.4188733819547511,0.31655440715339633,1.4653800644126593,1.4653800644126593,233,233,0.0,0.0,0.15,0.15,[0. 0. 0. 0. 0. 0. 0. 0. 0. 0. 0. 0.],[0. 0. 0. 0. 0. 0. 0. 0. 0. 0. 0. 0.],0.3,0.3,0.01,0.01,,
126,51,0.9065210137245387,0.4032033304092129,1.4718717324967479,1.4718717324967479,251,251,0.0,0.0,0.15,0.15,[0. 0. 0. 0. 0. 0. 0. 0. 0. 0. 0. 0.],[0. 0. 0. 0. 0. 0. 0. 0. 0. 0. 0. 0.],0.3,0.3,0.01,0.01,,
127,51,0.3724332219279645,0.8162862033512007,1.287952778970494,1.287952778970494,249,249,0.0,0.0,0.15,0.15,[0. 0. 0. 0. 0. 0. 0. 0. 0. 0. 0. 0.],[0. 0. 0. 0. 0. 0. 0. 0. 0. 0. 0. 0.],0.3,0.3,0.01,0.01,,
128,51,0.8426781823840648,0.32271457386782465,1.2795611468015933,1.2795611468015933,216,216,0.0,0.0,0.15,0.15,[0. 0. 0. 0. 0. 0. 0. 0. 0. 0. 0. 0.],[0. 0. 0. 0. 0. 0. 0. 0. 0. 0. 0. 0.],0.3,0.3,0.01,0.01,,
129,37,1.055688065885434,0.46113431613431627,1.4129165620417208,1.4129165620417208,259,259,0.0,0.0,0.15,0.15,[0. 0. 0. 0. 0. 0. 0. 0. 0. 0. 0. 0.],[0. 0. 0. 0. 0. 0. 0. 0. 0. 0. 0. 0.],0.3,0.3,0.01,0.01,,
130,51,0.3392782716828124,0.797955456692481,1.3158549648873947,1.3158549648873947,172,172,0.0,0.0,0.15,0.15,[0. 0. 0. 0. 0. 0. 0. 0. 0. 0. 0. 0.],[0. 0. 0. 0. 0. 0. 0. 0. 0. 0. 0. 0.],0.3,0.3,0.01,0.01,,
131,51,0.700839106420357,0.3187033526042814,1.3653210755072387,1.3653210755072387,228,228,0.0,0.0,0.15,0.15,[0. 0. 0. 0. 0. 0. 0. 0. 0. 0. 0. 0.],[0. 0. 0. 0. 0. 0. 0. 0. 0. 0. 0. 0.],0.3,0.3,0.01,0.01,,
132,51,0.40073745864592064,0.7337602089025236,1.3394684002679937,1.3394684002679937,263,263,0.0,0.0,0.15,0.15,[0. 0. 0. 0. 0. 0. 0. 0. 0. 0. 0. 0.],[0. 0. 0. 0. 0. 0. 0. 0. 0. 0. 0. 0.],0.3,0.3,0.01,0.01,,
133,51,0.39310143240563095,0.40854154581633323,1.349224705322116,1.349224705322116,224,224,0.0,0.0,0.15,0.15,[0. 0. 0. 0. 0. 0. 0. 0. 0. 0. 0. 0.],[0. 0. 0. 0. 0. 0. 0. 0. 0. 0. 0. 0.],0.3,0.3,0.01,0.01,,
134,51,0.6282232712174384,0.4342047930283225,1.419154672646055,1.419154672646055,244,244,0.0,0.0,0.15,0.15,[0. 0. 0. 0. 0. 0. 0. 0. 0. 0. 0. 0.],[0. 0. 0. 0. 0. 0. 0. 0. 0. 0. 0. 0.],0.3,0.3,0.01,0.01,,
135,51,0.9162200138962324,0.34375581427681356,1.365780924465142,1.365780924465142,258,258,0.0,0.0,0.15,0.15,[0. 0. 0. 0. 0. 0. 0. 0. 0. 0. 0. 0.],[0. 0. 0. 0. 0. 0. 0. 0. 0. 0. 0. 0.],0.3,0.3,0.01,0.01,,
136,51,0.6458183990442055,0.25517345707378075,1.445754796850915,1.445754796850915,222,222,0.0,0.0,0.15,0.15,[0. 0. 0. 0. 0. 0. 0. 0. 0. 0. 0. 0.],[0. 0. 0. 0. 0. 0. 0. 0. 0. 0. 0. 0.],0.3,0.3,0.01,0.01,,
137,51,0.8455122461831885,0.17920293054376096,1.2786507144862531,1.2786507144862531,258,258,0.0,0.0,0.15,0.15,[0. 0. 0. 0. 0. 0. 0. 0. 0. 0. 0. 0.],[0. 0. 0. 0. 0. 0. 0. 0. 0. 0. 0. 0.],0.3,0.3,0.01,0.01,,
138,51,0.8425308337460042,0.16779837517012183,1.3269955632733363,1.3269955632733363,231,231,0.0,0.0,0.15,0.15,[0. 0. 0. 0. 0. 0. 0. 0. 0. 0. 0. 0.],[0. 0. 0. 0. 0. 0. 0. 0. 0. 0. 0. 0.],0.3,0.3,0.01,0.01,,
139,51,0.9103766546491008,0.5178993393180245,1.37540242952459,1.37540242952459,271,271,0.0,0.0,0.15,0.15,[0. 0. 0. 0. 0. 0. 0. 0. 0. 0. 0. 0.],[0. 0. 0. 0. 0. 0. 0. 0. 0. 0. 0. 0.],0.3,0.3,0.01,0.01,,
140,51,0.5324780883604413,0.740902003769651,1.2874330130277896,1.2874330130277896,218,218,0.0,0.0,0.15,0.15,[0. 0. 0. 0. 0. 0. 0. 0. 0. 0. 0. 0.],[0. 0. 0. 0. 0. 0. 0. 0. 0. 0. 0. 0.],0.3,0.3,0.01,0.01,,
141,51,0.2085978062758249,0.6350890700622815,1.3560259184416603,1.3560259184416603,218,218,0.0,0.0,0.15,0.15,[0. 0. 0. 0. 0. 0. 0. 0. 0. 0. 0. 0.],[0. 0. 0. 0. 0. 0. 0. 0. 0. 0. 0. 0.],0.3,0.3,0.01,0.01,,
142,51,0.9069578568275016,0.2998341865481825,1.5536735402602775,1.5536735402602775,272,272,0.0,0.0,0.15,0.15,[0. 0. 0. 0. 0. 0. 0. 0. 0. 0. 0. 0.],[0. 0. 0. 0. 0. 0. 0. 0. 0. 0. 0. 0.],0.3,0.3,0.01,0.01,,
143,51,0.7011122385351362,0.5492645526203207,1.308879220602559,1.308879220602559,221,221,0.0,0.0,0.15,0.15,[0. 0. 0. 0. 0. 0. 0. 0. 0. 0. 0. 0.],[0. 0. 0. 0. 0. 0. 0. 0. 0. 0. 0. 0.],0.3,0.3,0.01,0.01,,
144,51,0.7619961000047588,0.49594515078508217,1.4653389223066031,1.4653389223066031,229,229,0.0,0.0,0.15,0.15,[0. 0. 0. 0. 0. 0. 0. 0. 0. 0. 0. 0.],[0. 0. 0. 0. 0. 0. 0. 0. 0. 0. 0. 0.],0.3,0.3,0.01,0.01,,
145,51,0.6692810457516339,0.2950972475402734,1.417744982476328,1.417744982476328,212,212,0.0,0.0,0.15,0.15,[0. 0. 0. 0. 0. 0. 0. 0. 0. 0. 0. 0.],[0. 0. 0. 0. 0. 0. 0. 0. 0. 0. 0. 0.],0.3,0.3,0.01,0.01,,
146,51,0.658851436980712,0.39180649378571086,1.423796040170333,1.423796040170333,233,233,0.0,0.0,0.15,0.15,[0. 0. 0. 0. 0. 0. 0. 0. 0. 0. 0. 0.],[0. 0. 0. 0. 0. 0. 0. 0. 0. 0. 0. 0.],0.3,0.3,0.01,0.01,,
147,51,0.7644764919321231,0.176293973197998,1.248525437186746,1.248525437186746,259,259,0.0,0.0,0.15,0.15,[0. 0. 0. 0. 0. 0. 0. 0. 0. 0. 0. 0.],[0. 0. 0. 0. 0. 0. 0. 0. 0. 0. 0. 0.],0.3,0.3,0.01,0.01,,
148,51,0.01287538980733906,1.0329440167675463,1.3120669722557068,1.3120669722557068,197,197,0.0,0.0,0.15,0.15,[0. 0. 0. 0. 0. 0. 0. 0. 0. 0. 0. 0.],[0. 0. 0. 0. 0. 0. 0. 0. 0. 0. 0. 0.],0.3,0.3,0.01,0.01,,
149,51,0.7768960997789989,0.4517060593300501,1.4671238818589378,1.4671238818589378,209,209,0.0,0.0,0.15,0.15,[0. 0. 0. 0. 0. 0. 0. 0. 0. 0. 0. 0.],[0. 0. 0. 0. 0. 0. 0. 0. 0. 0. 0. 0.],0.3,0.3,0.01,0.01,,
150,51,0.5323634770043991,0.5046171802054155,1.440417760143093,1.440417760143093,245,245,0.0,0.0,0.15,0.15,[0. 0. 0. 0. 0. 0. 0. 0. 0. 0. 0. 0.],[0. 0. 0. 0. 0. 0. 0. 0. 0. 0. 0. 0.],0.3,0.3,0.01,0.01,,
151,51,0.6799477873114611,0.35816300166790366,1.3433038037197262,1.3433038037197262,247,247,0.0,0.0,0.15,0.15,[0. 0. 0. 0. 0. 0. 0. 0. 0. 0. 0. 0.],[0. 0. 0. 0. 0. 0. 0. 0. 0. 0. 0. 0.],0.3,0.3,0.01,0.01,,
152,51,0.3271322967689751,0.7670636919989121,1.3350071071409713,1.3350071071409713,211,211,0.0,0.0,0.15,0.15,[0. 0. 0. 0. 0. 0. 0. 0. 0. 0. 0. 0.],[0. 0. 0. 0. 0. 0. 0. 0. 0. 0. 0. 0.],0.3,0.3,0.01,0.01,,
153,51,0.7019535987389908,0.21927325281677856,1.4881443977355957,1.4881443977355957,230,230,0.0,0.0,0.15,0.15,[0. 0. 0. 0. 0. 0. 0. 0. 0. 0. 0. 0.],[0. 0. 0. 0. 0. 0. 0. 0. 0. 0. 0. 0.],0.3,0.3,0.01,0.01,,
154,51,0.7464094968852756,0.23528610790721516,1.4752352903870976,1.4752352903870976,183,183,0.0,0.0,0.15,0.15,[0. 0. 0. 0. 0. 0. 0. 0. 0. 0. 0. 0.],[0. 0. 0. 0. 0. 0. 0. 0. 0. 0. 0. 0.],0.3,0.3,0.01,0.01,,
155,51,0.6728623915152399,0.27831237390060926,1.2733223932046516,1.2733223932046516,186,186,0.0,0.0,0.15,0.15,[0. 0. 0. 0. 0. 0. 0. 0. 0. 0. 0. 0.],[0. 0. 0. 0. 0. 0. 0. 0. 0. 0. 0. 0.],0.3,0.3,0.01,0.01,,
156,51,0.20131266181686347,0.47080032662912863,1.3545640333026063,1.3545640333026063,228,228,0.0,0.0,0.15,0.15,[0. 0. 0. 0. 0. 0. 0. 0. 0. 0. 0. 0.],[0. 0. 0. 0. 0. 0. 0. 0. 0. 0. 0. 0.],0.3,0.3,0.01,0.01,,
157,51,0.6945335459534245,0.6225667450580946,1.4246772130330403,1.4246772130330403,232,232,0.0,0.0,0.15,0.15,[0. 0. 0. 0. 0. 0. 0. 0. 0. 0. 0. 0.],[0. 0. 0. 0. 0. 0. 0. 0. 0. 0. 0. 0.],0.3,0.3,0.01,0.01,,
158,51,0.3951139139861485,0.7530334438809675,1.402230410014882,1.402230410014882,235,235,0.0,0.0,0.15,0.15,[0. 0. 0. 0. 0. 0. 0. 0. 0. 0. 0. 0.],[0. 0. 0. 0. 0. 0. 0. 0. 0. 0. 0. 0.],0.3,0.3,0.01,0.01,,
159,51,0.683040402893344,0.4547452936009209,1.506034281908297,1.506034281908297,223,223,0.0,0.0,0.15,0.15,[0. 0. 0. 0. 0. 0. 0. 0. 0. 0. 0. 0.],[0. 0. 0. 0. 0. 0. 0. 0. 0. 0. 0. 0.],0.3,0.3,0.01,0.01,,
160,43,-1.8720284237726097,-1.561637609665921,1.3437779906184175,1.3437779906184175,199,199,1.0,1.0,0.15,0.15,[0. 0. 0. 0. 0. 0. 0. 0. 0. 0. 0. 0.],[0. 0. 0. 0. 0. 0. 0. 0. 0. 0. 0. 0.],0.3,0.3,0.01,0.01,,
161,51,0.12609132839311868,0.7305298127006377,1.234947100573895,1.234947100573895,166,166,0.0,0.0,0.15,0.15,[0. 0. 0. 0. 0. 0. 0. 0. 0. 0. 0. 0.],[0. 0. 0. 0. 0. 0. 0. 0. 0. 0. 0. 0.],0.3,0.3,0.01,0.01,,
162,51,0.08911549074286748,0.750188425270378,1.2640521444526374,1.2640521444526374,252,252,0.0,0.0,0.15,0.15,[0. 0. 0. 0. 0. 0. 0. 0. 0. 0. 0. 0.],[0. 0. 0. 0. 0. 0. 0. 0. 0. 0. 0. 0.],0.3,0.3,0.01,0.01,,
163,51,0.35616181204416497,0.6568475346120692,1.4123359591353173,1.4123359591353173,245,245,0.0,0.0,0.15,0.15,[0. 0. 0. 0. 0. 0. 0. 0. 0. 0. 0. 0.],[0. 0. 0. 0. 0. 0. 0. 0. 0. 0. 0. 0.],0.3,0.3,0.01,0.01,,
164,51,0.5670696918101762,0.4343865401638512,1.3983600776569516,1.3983600776569516,215,215,0.0,0.0,0.15,0.15,[0. 0. 0. 0. 0. 0. 0. 0. 0. 0. 0. 0.],[0. 0. 0. 0. 0. 0. 0. 0. 0. 0. 0. 0.],0.3,0.3,0.01,0.01,,
165,51,0.36856952279006633,0.8858625606994326,1.4541993462571912,1.4541993462571912,250,250,0.0,0.0,0.15,0.15,[0. 0. 0. 0. 0. 0. 0. 0. 0. 0. 0. 0.],[0. 0. 0. 0. 0. 0. 0. 0. 0. 0. 0. 0.],0.3,0.3,0.01,0.01,,
166,51,0.7037490839987333,0.367905242905243,1.3285335854572409,1.3285335854572409,270,270,0.0,0.0,0.15,0.15,[0. 0. 0. 0. 0. 0. 0. 0. 0. 0. 0. 0.],[0. 0. 0. 0. 0. 0. 0. 0. 0. 0. 0. 0.],0.3,0.3,0.01,0.01,,
167,51,0.7784358841230561,0.2660450426128068,1.4776406399175233,1.4776406399175233,258,258,0.0,0.0,0.15,0.15,[0. 0. 0. 0. 0. 0. 0. 0. 0. 0. 0. 0.],[0. 0. 0. 0. 0. 0. 0. 0. 0. 0. 0. 0.],0.3,0.3,0.01,0.01,,
168,51,0.591886687413532,0.2566191134187196,1.3787558943617577,1.3787558943617577,244,244,0.0,0.0,0.15,0.15,[0. 0. 0. 0. 0. 0. 0. 0. 0. 0. 0. 0.],[0. 0. 0. 0. 0. 0. 0. 0. 0. 0. 0. 0.],0.3,0.3,0.01,0.01,,
169,51,0.4933256254242885,0.7634048438230777,1.4571168808376087,1.4571168808376087,264,264,0.0,0.0,0.15,0.15,[0. 0. 0. 0. 0. 0. 0. 0. 0. 0. 0. 0.],[0. 0. 0. 0. 0. 0. 0. 0. 0. 0. 0. 0.],0.3,0.3,0.01,0.01,,
170,51,0.7536591404238462,0.4544609881980124,1.460005590728685,1.460005590728685,173,173,0.0,0.0,0.15,0.15,[0. 0. 0. 0. 0. 0. 0. 0. 0. 0. 0. 0.],[0. 0. 0. 0. 0. 0. 0. 0. 0. 0. 0. 0.],0.3,0.3,0.01,0.01,,
171,51,0.8357138030424218,0.2539124812135193,1.26986516456978,1.26986516456978,215,215,0.0,0.0,0.15,0.15,[0. 0. 0. 0. 0. 0. 0. 0. 0. 0. 0. 0.],[0. 0. 0. 0. 0. 0. 0. 0. 0. 0. 0. 0.],0.3,0.3,0.01,0.01,,
172,51,0.9405159839466627,0.21897497547292352,1.4181303656568713,1.4181303656568713,177,177,0.0,0.0,0.15,0.15,[0. 0. 0. 0. 0. 0. 0. 0. 0. 0. 0. 0.],[0. 0. 0. 0. 0. 0. 0. 0. 0. 0. 0. 0.],0.3,0.3,0.01,0.01,,
173,51,0.4477796488346361,0.5676936144156195,1.3502981414397557,1.3502981414397557,201,201,0.0,0.0,0.15,0.15,[0. 0. 0. 0. 0. 0. 0. 0. 0. 0. 0. 0.],[0. 0. 0. 0. 0. 0. 0. 0. 0. 0. 0. 0.],0.3,0.3,0.01,0.01,,
174,51,0.684120136997573,0.44854864279416706,1.4037016747044582,1.4037016747044582,240,240,0.0,0.0,0.15,0.15,[0. 0. 0. 0. 0. 0. 0. 0. 0. 0. 0. 0.],[0. 0. 0. 0. 0. 0. 0. 0. 0. 0. 0. 0.],0.3,0.3,0.01,0.01,,
175,32,1.1765576733315706,0.4513103089792949,1.221516452729702,1.221516452729702,252,252,0.0,0.0,0.15,0.15,[0. 0. 0. 0. 0. 0. 0. 0. 0. 0. 0. 0.],[0. 0. 0. 0. 0. 0. 0. 0. 0. 0. 0. 0.],0.3,0.3,0.01,0.01,,
176,51,0.3093751919082925,0.9533677462571933,1.397873639183886,1.397873639183886,254,254,0.0,0.0,0.15,0.15,[0. 0. 0. 0. 0. 0. 0. 0. 0. 0. 0. 0.],[0. 0. 0. 0. 0. 0. 0. 0. 0. 0. 0. 0.],0.3,0.3,0.01,0.01,,
177,51,0.23091928248364418,0.8316058925055464,1.3537014494923985,1.3537014494923985,236,236,0.0,0.0,0.15,0.15,[0. 0. 0. 0. 0. 0. 0. 0. 0. 0. 0. 0.],[0. 0. 0. 0. 0. 0. 0. 0. 0. 0. 0. 0.],0.3,0.3,0.01,0.01,,
178,51,0.38498429943345674,0.8329616814045879,1.3513208633544398,1.3513208633544398,186,186,0.0,0.0,0.15,0.15,[0. 0. 0. 0. 0. 0. 0. 0. 0. 0. 0. 0.],[0. 0. 0. 0. 0. 0. 0. 0. 0. 0. 0. 0.],0.3,0.3,0.01,0.01,,
179,51,0.4361593024168812,0.4493430615296262,1.5116076866785686,1.5116076866785686,269,269,0.0,0.0,0.15,0.15,[0. 0. 0. 0. 0. 0. 0. 0. 0. 0. 0. 0.],[0. 0. 0. 0. 0. 0. 0. 0. 0. 0. 0. 0.],0.3,0.3,0.01,0.01,,
180,32,-2.463136574074074,-2.5299913194444446,1.483151812106371,1.483151812106371,195,195,1.0,1.0,0.15,0.15,[0. 0. 0. 0. 0. 0. 0. 0. 0. 0. 0. 0.],[0. 0. 0. 0. 0. 0. 0. 0. 0. 0. 0. 0.],0.3,0.3,0.01,0.01,,
181,51,0.35082446858342,0.4109666322669419,1.4960529348429512,1.4960529348429512,189,189,0.0,0.0,0.15,0.15,[0. 0. 0. 0. 0. 0. 0. 0. 0. 0. 0. 0.],[0. 0. 0. 0. 0. 0. 0. 0. 0. 0. 0. 0.],0.3,0.3,0.01,0.01,,
182,51,0.811764705882353,0.18270320605960744,1.5081871508383284,1.5081871508383284,186,186,0.0,0.0,0.15,0.15,[0. 0. 0. 0. 0. 0. 0. 0. 0. 0. 0. 0.],[0. 0. 0. 0. 0. 0. 0. 0. 0. 0. 0. 0.],0.3,0.3,0.01,0.01,,
183,51,0.44639243911689735,0.7228461081402259,1.5122080001176572,1.5122080001176572,188,188,0.0,0.0,0.15,0.15,[0. 0. 0. 0. 0. 0. 0. 0. 0. 0. 0. 0.],[0. 0. 0. 0. 0. 0. 0. 0. 0. 0. 0. 0.],0.3,0.3,0.01,0.01,,
184,15,-5.471212121212121,-4.146349206349206,1.4445512692133586,1.4445512692133586,150,150,1.0,1.0,0.15,0.15,[0. 0. 0. 0. 0. 0. 0. 0. 0. 0. 0. 0.],[0. 0. 0. 0. 0. 0. 0. 0. 0. 0. 0. 0.],0.3,0.3,0.01,0.01,,
185,51,0.2867887367022315,0.3611399323017105,1.351392229105912,1.351392229105912,233,233,0.0,0.0,0.15,0.15,[0. 0. 0. 0. 0. 0. 0. 0. 0. 0. 0. 0.],[0. 0. 0. 0. 0. 0. 0. 0. 0. 0. 0. 0.],0.3,0.3,0.01,0.01,,
186,51,0.4097466547914118,0.4413957616870161,1.5665466224446016,1.5665466224446016,230,230,0.0,0.0,0.15,0.15,[0. 0. 0. 0. 0. 0. 0. 0. 0. 0. 0. 0.],[0. 0. 0. 0. 0. 0. 0. 0. 0. 0. 0. 0.],0.3,0.3,0.01,0.01,,
187,51,0.4928397457564751,0.4152702090937386,1.5292630031997083,1.5292630031997083,216,216,0.0,0.0,0.15,0.15,[0. 0. 0. 0. 0. 0. 0. 0. 0. 0. 0. 0.],[0. 0. 0. 0. 0. 0. 0. 0. 0. 0. 0. 0.],0.3,0.3,0.01,0.01,,
188,51,0.49289258925937124,0.636589080304113,1.242956844030642,1.242956844030642,255,255,0.0,0.0,0.15,0.15,[0. 0. 0. 0. 0. 0. 0. 0. 0. 0. 0. 0.],[0. 0. 0. 0. 0. 0. 0. 0. 0. 0. 0. 0.],0.3,0.3,0.01,0.01,,
189,51,0.4094164332474014,0.45037130182883844,1.2540635267893474,1.2540635267893474,266,266,0.0,0.0,0.15,0.15,[0. 0. 0. 0. 0. 0. 0. 0. 0. 0. 0. 0.],[0. 0. 0. 0. 0. 0. 0. 0. 0. 0. 0. 0.],0.3,0.3,0.01,0.01,,
190,51,0.16307869413586587,1.0898643650949404,1.4301979150257857,1.4301979150257857,264,264,0.0,0.0,0.15,0.15,[0. 0. 0. 0. 0. 0. 0. 0. 0. 0. 0. 0.],[0. 0. 0. 0. 0. 0. 0. 0. 0. 0. 0. 0.],0.3,0.3,0.01,0.01,,
191,51,0.3916290497229672,0.5214692504682185,1.4784196434067745,1.4784196434067745,221,221,0.0,0.0,0.15,0.15,[0. 0. 0. 0. 0. 0. 0. 0. 0. 0. 0. 0.],[0. 0. 0. 0. 0. 0. 0. 0. 0. 0. 0. 0.],0.3,0.3,0.01,0.01,,
192,51,0.7631599113554903,0.25133894853784594,1.3343280618097269,1.3343280618097269,256,256,0.0,0.0,0.15,0.15,[0. 0. 0. 0. 0. 0. 0. 0. 0. 0. 0. 0.],[0. 0. 0. 0. 0. 0. 0. 0. 0. 0. 0. 0.],0.3,0.3,0.01,0.01,,
193,51,0.4921882670729269,0.40336809009282465,1.5681775708993275,1.5681775708993275,236,236,0.0,0.0,0.15,0.15,[0. 0. 0. 0. 0. 0. 0. 0. 0. 0. 0. 0.],[0. 0. 0. 0. 0. 0. 0. 0. 0. 0. 0. 0.],0.3,0.3,0.01,0.01,,
194,51,0.17617517927493004,0.9610214244849133,1.3433389850691253,1.3433389850691253,232,232,0.0,0.0,0.15,0.15,[0. 0. 0. 0. 0. 0. 0. 0. 0. 0. 0. 0.],[0. 0. 0. 0. 0. 0. 0. 0. 0. 0. 0. 0.],0.3,0.3,0.01,0.01,,
195,45,-1.4961675596770942,-1.4038196988196987,1.3859195099936592,1.3859195099936592,230,230,1.0,1.0,0.15,0.15,[0. 0. 0. 0. 0. 0. 0. 0. 0. 0. 0. 0.],[0. 0. 0. 0. 0. 0. 0. 0. 0. 0. 0. 0.],0.3,0.3,0.01,0.01,,
196,51,-1.1094694581809863,-1.5350061991065451,1.421434809179867,1.421434809179867,197,197,1.0,1.0,0.15,0.15,[0. 0. 0. 0. 0. 0. 0. 0. 0. 0. 0. 0.],[0. 0. 0. 0. 0. 0. 0. 0. 0. 0. 0. 0.],0.3,0.3,0.01,0.01,,
197,51,0.674059219647455,0.2049337993428593,1.4068238711824603,1.4068238711824603,229,229,0.0,0.0,0.15,0.15,[0. 0. 0. 0. 0. 0. 0. 0. 0. 0. 0. 0.],[0. 0. 0. 0. 0. 0. 0. 0. 0. 0. 0. 0.],0.3,0.3,0.01,0.01,,
198,51,0.3719820756585462,0.9565719296756449,1.498507538846895,1.498507538846895,222,222,0.0,0.0,0.15,0.15,[0. 0. 0. 0. 0. 0. 0. 0. 0. 0. 0. 0.],[0. 0. 0. 0. 0. 0. 0. 0. 0. 0. 0. 0.],0.3,0.3,0.01,0.01,,
199,51,0.3349630253551822,0.33457589165427293,1.29430799741371,1.29430799741371,209,209,0.0,0.0,0.15,0.15,[0. 0. 0. 0. 0. 0. 0. 0. 0. 0. 0. 0.],[0. 0. 0. 0. 0. 0. 0. 0. 0. 0. 0. 0.],0.3,0.3,0.01,0.01,,
200,51,0.2851859119085583,0.6190483506003764,1.4767552795363408,1.4767552795363408,261,261,0.0,0.0,0.15,0.15,[0. 0. 0. 0. 0. 0. 0. 0. 0. 0. 0. 0.],[0. 0. 0. 0. 0. 0. 0. 0. 0. 0. 0. 0.],0.3,0.3,0.01,0.01,,
201,51,0.41099965470710237,0.36806571461743876,1.380539409085816,1.380539409085816,223,223,0.0,0.0,0.15,0.15,[0. 0. 0. 0. 0. 0. 0. 0. 0. 0. 0. 0.],[0. 0. 0. 0. 0. 0. 0. 0. 0. 0. 0. 0.],0.3,0.3,0.01,0.01,,
202,51,0.28982878318791633,0.7393421276526437,1.3712725750371522,1.3712725750371522,224,224,0.0,0.0,0.15,0.15,[0. 0. 0. 0. 0. 0. 0. 0. 0. 0. 0. 0.],[0. 0. 0. 0. 0. 0. 0. 0. 0. 0. 0. 0.],0.3,0.3,0.01,0.01,,
203,51,0.8948235666274277,0.2329365079365079,1.3865420011913074,1.3865420011913074,193,193,0.0,0.0,0.15,0.15,[0. 0. 0. 0. 0. 0. 0. 0. 0. 0. 0. 0.],[0. 0. 0. 0. 0. 0. 0. 0. 0. 0. 0. 0.],0.3,0.3,0.01,0.01,,
204,51,0.5625641615768388,0.3937350103440069,1.4273978413320054,1.4273978413320054,254,254,0.0,0.0,0.15,0.15,[0. 0. 0. 0. 0. 0. 0. 0. 0. 0. 0. 0.],[0. 0. 0. 0. 0. 0. 0. 0. 0. 0. 0. 0.],0.3,0.3,0.01,0.01,,
205,51,0.8399778034302046,0.39681169328126914,1.3115399187686396,1.3115399187686396,224,224,0.0,0.0,0.15,0.15,[0. 0. 0. 0. 0. 0. 0. 0. 0. 0. 0. 0.],[0. 0. 0. 0. 0. 0. 0. 0. 0. 0. 0. 0.],0.3,0.3,0.01,0.01,,
206,51,0.6363579285257418,0.24074307500778083,1.3058799470172209,1.3058799470172209,210,210,0.0,0.0,0.15,0.15,[0. 0. 0. 0. 0. 0. 0. 0. 0. 0. 0. 0.],[0. 0. 0. 0. 0. 0. 0. 0. 0. 0. 0. 0.],0.3,0.3,0.01,0.01,,
207,51,0.1886485040587208,0.45303002008884347,1.3158483850020988,1.3158483850020988,247,247,0.0,0.0,0.15,0.15,[0. 0. 0. 0. 0. 0. 0. 0. 0. 0. 0. 0.],[0. 0. 0. 0. 0. 0. 0. 0. 0. 0. 0. 0.],0.3,0.3,0.01,0.01,,
208,51,0.30701834814526424,0.6826216963122811,1.4235913566514558,1.4235913566514558,226,226,0.0,0.0,0.15,0.15,[0. 0. 0. 0. 0. 0. 0. 0. 0. 0. 0. 0.],[0. 0. 0. 0. 0. 0. 0. 0. 0. 0. 0. 0.],0.3,0.3,0.01,0.01,,
209,51,0.6174944814939627,0.2025301537945378,1.3109957552423663,1.3109957552423663,226,226,0.0,0.0,0.15,0.15,[0. 0. 0. 0. 0. 0. 0. 0. 0. 0. 0. 0.],[0. 0. 0. 0. 0. 0. 0. 0. 0. 0. 0. 0.],0.3,0.3,0.01,0.01,,
210,51,0.3305710515354838,0.5355042016806723,1.4569180859070199,1.4569180859070199,183,183,0.0,0.0,0.15,0.15,[0. 0. 0. 0. 0. 0. 0. 0. 0. 0. 0. 0.],[0. 0. 0. 0. 0. 0. 0. 0. 0. 0. 0. 0.],0.3,0.3,0.01,0.01,,
211,51,0.771856745950718,0.14901550818492848,1.3723499786620046,1.3723499786620046,236,236,0.0,0.0,0.15,0.15,[0. 0. 0. 0. 0. 0. 0. 0. 0. 0. 0. 0.],[0. 0. 0. 0. 0. 0. 0. 0. 0. 0. 0. 0.],0.3,0.3,0.01,0.01,,
212,51,0.3705798558739735,0.7470342194998029,1.348538454841165,1.348538454841165,245,245,0.0,0.0,0.15,0.15,[0. 0. 0. 0. 0. 0. 0. 0. 0. 0. 0. 0.],[0. 0. 0. 0. 0. 0. 0. 0. 0. 0. 0. 0.],0.3,0.3,0.01,0.01,,
213,51,0.7648072205630716,0.14028399731412644,1.2526619761597877,1.2526619761597877,188,188,0.0,0.0,0.15,0.15,[0. 0. 0. 0. 0. 0. 0. 0. 0. 0. 0. 0.],[0. 0. 0. 0. 0. 0. 0. 0. 0. 0. 0. 0.],0.3,0.3,0.01,0.01,,
214,51,0.8938704796339341,0.0855055145553233,1.3582557916056877,1.3582557916056877,194,194,0.0,0.0,0.15,0.15,[0. 0. 0. 0. 0. 0. 0. 0. 0. 0. 0. 0.],[0. 0. 0. 0. 0. 0. 0. 0. 0. 0. 0. 0.],0.3,0.3,0.01,0.01,,
215,51,0.31985463925566543,0.5145433894178514,1.3554323981789982,1.3554323981789982,213,213,0.0,0.0,0.15,0.15,[0. 0. 0. 0. 0. 0. 0. 0. 0. 0. 0. 0.],[0. 0. 0. 0. 0. 0. 0. 0. 0. 0. 0. 0.],0.3,0.3,0.01,0.01,,
216,51,0.8910999532516561,0.252717326246738,1.3198553452304764,1.3198553452304764,225,225,0.0,0.0,0.15,0.15,[0. 0. 0. 0. 0. 0. 0. 0. 0. 0. 0. 0.],[0. 0. 0. 0. 0. 0. 0. 0. 0. 0. 0. 0.],0.3,0.3,0.01,0.01,,
217,51,0.33276350607352395,0.8716676355927216,1.5224384011006822,1.5224384011006822,256,256,0.0,0.0,0.15,0.15,[0. 0. 0. 0. 0. 0. 0. 0. 0. 0. 0. 0.],[0. 0. 0. 0. 0. 0. 0. 0. 0. 0. 0. 0.],0.3,0.3,0.01,0.01,,
218,36,-2.4493534492921745,-2.127006172839506,1.3118093940946791,1.3118093940946791,156,156,1.0,1.0,0.15,0.15,[0. 0. 0. 0. 0. 0. 0. 0. 0. 0. 0. 0.],[0. 0. 0. 0. 0. 0. 0. 0. 0. 0. 0. 0.],0.3,0.3,0.01,0.01,,
219,51,0.4134810787059922,0.793622708525865,1.4451252157781638,1.4451252157781638,237,237,0.0,0.0,0.15,0.15,[0. 0. 0. 0. 0. 0. 0. 0. 0. 0. 0. 0.],[0. 0. 0. 0. 0. 0. 0. 0. 0. 0. 0. 0.],0.3,0.3,0.01,0.01,,
220,51,0.21191677186050104,0.5819664139169929,1.4067324645379011,1.4067324645379011,186,186,0.0,0.0,0.15,0.15,[0. 0. 0. 0. 0. 0. 0. 0. 0. 0. 0. 0.],[0. 0. 0. 0. 0. 0. 0. 0. 0. 0. 0. 0.],0.3,0.3,0.01,0.01,,
221,51,0.19640805803054925,0.769173925056278,1.2829853343028648,1.2829853343028648,236,236,0.0,0.0,0.15,0.15,[0. 0. 0. 0. 0. 0. 0. 0. 0. 0. 0. 0.],[0. 0. 0. 0. 0. 0. 0. 0. 0. 0. 0. 0.],0.3,0.3,0.01,0.01,,
222,51,0.5394638735470654,0.2758403361344538,1.3363692754623937,1.3363692754623937,218,218,0.0,0.0,0.15,0.15,[0. 0. 0. 0. 0. 0. 0. 0. 0. 0. 0. 0.],[0. 0. 0. 0. 0. 0. 0. 0. 0. 0. 0. 0.],0.3,0.3,0.01,0.01,,
223,51,0.3798794363097289,0.872269365262445,1.3016795597824395,1.3016795597824395,206,206,0.0,0.0,0.15,0.15,[0. 0. 0. 0. 0. 0. 0. 0. 0. 0. 0. 0.],[0. 0. 0. 0. 0. 0. 0. 0. 0. 0. 0. 0.],0.3,0.3,0.01,0.01,,
224,51,0.8515568993990797,0.33756150406231294,1.39761397300982,1.39761397300982,238,238,0.0,0.0,0.15,0.15,[0. 0. 0. 0. 0. 0. 0. 0. 0. 0. 0. 0.],[0. 0. 0. 0. 0. 0. 0. 0. 0. 0. 0. 0.],0.3,0.3,0.01,0.01,,
225,51,0.7640081614726647,0.21594439111251207,1.6170615822661156,1.6170615822661156,208,208,0.0,0.0,0.15,0.15,[0. 0. 0. 0. 0. 0. 0. 0. 0. 0. 0. 0.],[0. 0. 0. 0. 0. 0. 0. 0. 0. 0. 0. 0.],0.3,0.3,0.01,0.01,,
226,51,0.24693748426823497,0.5461119490531257,1.399224321047465,1.399224321047465,214,214,0.0,0.0,0.15,0.15,[0. 0. 0. 0. 0. 0. 0. 0. 0. 0. 0. 0.],[0. 0. 0. 0. 0. 0. 0. 0. 0. 0. 0. 0.],0.3,0.3,0.01,0.01,,
227,51,0.2114271927094424,0.40979732288933896,1.4481270985276091,1.4481270985276091,206,206,0.0,0.0,0.15,0.15,[0. 0. 0. 0. 0. 0. 0. 0. 0. 0. 0. 0.],[0. 0. 0. 0. 0. 0. 0. 0. 0. 0. 0. 0.],0.3,0.3,0.01,0.01,,
228,51,0.3347444563960919,0.8038472570618928,1.3537780081524569,1.3537780081524569,247,247,0.0,0.0,0.15,0.15,[0. 0. 0. 0. 0. 0. 0. 0. 0. 0. 0. 0.],[0. 0. 0. 0. 0. 0. 0. 0. 0. 0. 0. 0.],0.3,0.3,0.01,0.01,,
229,51,0.2481599822415096,0.9541407234278134,1.3405317947560667,1.3405317947560667,260,260,0.0,0.0,0.15,0.15,[0. 0. 0. 0. 0. 0. 0. 0. 0. 0. 0. 0.],[0. 0. 0. 0. 0. 0. 0. 0. 0. 0. 0. 0.],0.3,0.3,0.01,0.01,,
230,41,-1.975027525744886,-1.8483449477351916,1.476681649684906,1.476681649684906,241,241,1.0,1.0,0.15,0.15,[0. 0. 0. 0. 0. 0. 0. 0. 0. 0. 0. 0.],[0. 0. 0. 0. 0. 0. 0. 0. 0. 0. 0. 0.],0.3,0.3,0.01,0.01,,
231,51,0.143162260473922,0.9225687336166823,1.2805139916200263,1.2805139916200263,224,224,0.0,0.0,0.15,0.15,[0. 0. 0. 0. 0. 0. 0. 0. 0. 0. 0. 0.],[0. 0. 0. 0. 0. 0. 0. 0. 0. 0. 0. 0.],0.3,0.3,0.01,0.01,,
232,51,0.4751656839892134,0.762772081336954,1.407838080443588,1.407838080443588,184,184,0.0,0.0,0.15,0.15,[0. 0. 0. 0. 0. 0. 0. 0. 0. 0. 0. 0.],[0. 0. 0. 0. 0. 0. 0. 0. 0. 0. 0. 0.],0.3,0.3,0.01,0.01,,
233,51,0.6201929416127213,0.4898886734180852,1.484044914152108,1.484044914152108,248,248,0.0,0.0,0.15,0.15,[0. 0. 0. 0. 0. 0. 0. 0. 0. 0. 0. 0.],[0. 0. 0. 0. 0. 0. 0. 0. 0. 0. 0. 0.],0.3,0.3,0.01,0.01,,
234,51,0.8818576590939676,0.33463946141895645,1.2726169310364068,1.2726169310364068,251,251,0.0,0.0,0.15,0.15,[0. 0. 0. 0. 0. 0. 0. 0. 0. 0. 0. 0.],[0. 0. 0. 0. 0. 0. 0. 0. 0. 0. 0. 0.],0.3,0.3,0.01,0.01,,
235,51,0.3418676090313897,0.3081197753628559,1.411560410378026,1.411560410378026,245,245,0.0,0.0,0.15,0.15,[0. 0. 0. 0. 0. 0. 0. 0. 0. 0. 0. 0.],[0. 0. 0. 0. 0. 0. 0. 0. 0. 0. 0. 0.],0.3,0.3,0.01,0.01,,
236,51,0.31837465696979167,0.8251315428132038,1.4747999702014176,1.4747999702014176,206,206,0.0,0.0,0.15,0.15,[0. 0. 0. 0. 0. 0. 0. 0. 0. 0. 0. 0.],[0. 0. 0. 0. 0. 0. 0. 0. 0. 0. 0. 0.],0.3,0.3,0.01,0.01,,
237,51,0.799164707502029,0.3969636396083123,1.3835770347539116,1.3835770347539116,247,247,0.0,0.0,0.15,0.15,[0. 0. 0. 0. 0. 0. 0. 0. 0. 0. 0. 0.],[0. 0. 0. 0. 0. 0. 0. 0. 0. 0. 0. 0.],0.3,0.3,0.01,0.01,,
238,51,0.11240134840337009,1.0109682345518258,1.3020981485937155,1.3020981485937155,226,226,0.0,0.0,0.15,0.15,[0. 0. 0. 0. 0. 0. 0. 0. 0. 0. 0. 0.],[0. 0. 0. 0. 0. 0. 0. 0. 0. 0. 0. 0.],0.3,0.3,0.01,0.01,,
239,51,0.6789522344885669,0.4391011618869883,1.583787761482538,1.583787761482538,238,238,0.0,0.0,0.15,0.15,[0. 0. 0. 0. 0. 0. 0. 0. 0. 0. 0. 0.],[0. 0. 0. 0. 0. 0. 0. 0. 0. 0. 0. 0.],0.3,0.3,0.01,0.01,,
240,51,0.9187294404941464,0.264057779974735,1.2801690931413687,1.2801690931413687,194,194,0.0,0.0,0.15,0.15,[0. 0. 0. 0. 0. 0. 0. 0. 0. 0. 0. 0.],[0. 0. 0. 0. 0. 0. 0. 0. 0. 0. 0. 0.],0.3,0.3,0.01,0.01,,
241,51,0.4965163929963657,0.465314912384619,1.3601297026171404,1.3601297026171404,219,219,0.0,0.0,0.15,0.15,[0. 0. 0. 0. 0. 0. 0. 0. 0. 0. 0. 0.],[0. 0. 0. 0. 0. 0. 0. 0. 0. 0. 0. 0.],0.3,0.3,0.01,0.01,,
242,51,0.25302394847665893,0.8490065536989595,1.3661102997321708,1.3661102997321708,223,223,0.0,0.0,0.15,0.15,[0. 0. 0. 0. 0. 0. 0. 0. 0. 0. 0. 0.],[0. 0. 0. 0. 0. 0. 0. 0. 0. 0. 0. 0.],0.3,0.3,0.01,0.01,,
243,51,0.12820381162440894,0.7367161197068078,1.4100457403589697,1.4100457403589697,225,225,0.0,0.0,0.15,0.15,[0. 0. 0. 0. 0. 0. 0. 0. 0. 0. 0. 0.],[0. 0. 0. 0. 0. 0. 0. 0. 0. 0. 0. 0.],0.3,0.3,0.01,0.01,,
244,51,0.48306919743283994,0.32782446311858077,1.3483514376715118,1.3483514376715118,193,193,0.0,0.0,0.15,0.15,[0. 0. 0. 0. 0. 0. 0. 0. 0. 0. 0. 0.],[0. 0. 0. 0. 0. 0. 0. 0. 0. 0. 0. 0.],0.3,0.3,0.01,0.01,,
245,51,0.2829119486609227,0.4573433451266546,1.2788756898805207,1.2788756898805207,260,260,0.0,0.0,0.15,0.15,[0. 0. 0. 0. 0. 0. 0. 0. 0. 0. 0. 0.],[0. 0. 0. 0. 0. 0. 0. 0. 0. 0. 0. 0.],0.3,0.3,0.01,0.01,,
246,51,0.7588257233794745,0.4030955359013757,1.272768946839314,1.272768946839314,218,218,0.0,0.0,0.15,0.15,[0. 0. 0. 0. 0. 0. 0. 0. 0. 0. 0. 0.],[0. 0. 0. 0. 0. 0. 0. 0. 0. 0. 0. 0.],0.3,0.3,0.01,0.01,,
247,51,0.29570980490098137,0.9276166380530707,1.3453612310044907,1.3453612310044907,207,207,0.0,0.0,0.15,0.15,[0. 0. 0. 0. 0. 0. 0. 0. 0. 0. 0. 0.],[0. 0. 0. 0. 0. 0. 0. 0. 0. 0. 0. 0.],0.3,0.3,0.01,0.01,,
248,51,0.878660239157299,0.13697538844597665,1.277105920455035,1.277105920455035,195,195,0.0,0.0,0.15,0.15,[0. 0. 0. 0. 0. 0. 0. 0. 0. 0. 0. 0.],[0. 0. 0. 0. 0. 0. 0. 0. 0. 0. 0. 0.],0.3,0.3,0.01,0.01,,
249,51,0.344953232626714,0.5876327739072837,1.355346033970515,1.355346033970515,227,227,0.0,0.0,0.15,0.15,[0. 0. 0. 0. 0. 0. 0. 0. 0. 0. 0. 0.],[0. 0. 0. 0. 0. 0. 0. 0. 0. 0. 0. 0.],0.3,0.3,0.01,0.01,,
250,51,0.8809321765523762,0.4052287581699346,1.2181041719866734,1.2181041719866734,194,194,0.0,0.0,0.15,0.15,[0. 0. 0. 0. 0. 0. 0. 0. 0. 0. 0. 0.],[0. 0. 0. 0. 0. 0. 0. 0. 0. 0. 0. 0.],0.3,0.3,0.01,0.01,,
251,51,0.40112260280381234,0.41448586258965125,1.430316617675856,1.430316617675856,228,228,0.0,0.0,0.15,0.15,[0. 0. 0. 0. 0. 0. 0. 0. 0. 0. 0. 0.],[0. 0. 0. 0. 0. 0. 0. 0. 0. 0. 0. 0.],0.3,0.3,0.01,0.01,,
252,51,0.4229892703698601,0.5442666080049982,1.3925288266995375,1.3925288266995375,254,254,0.0,0.0,0.15,0.15,[0. 0. 0. 0. 0. 0. 0. 0. 0. 0. 0. 0.],[0. 0. 0. 0. 0. 0. 0. 0. 0. 0. 0. 0.],0.3,0.3,0.01,0.01,,
253,51,0.045293445826672975,0.42088088891246134,1.4524164100488026,1.4524164100488026,189,189,0.0,0.0,0.15,0.15,[0. 0. 0. 0. 0. 0. 0. 0. 0. 0. 0. 0.],[0. 0. 0. 0. 0. 0. 0. 0. 0. 0. 0. 0.],0.3,0.3,0.01,0.01,,
254,51,0.6310412988724903,0.14180620396306673,1.3842883945680131,1.3842883945680131,223,223,0.0,0.0,0.15,0.15,[0. 0. 0. 0. 0. 0. 0. 0. 0. 0. 0. 0.],[0. 0. 0. 0. 0. 0. 0. 0. 0. 0. 0. 0.],0.3,0.3,0.01,0.01,,
255,51,0.49901754356316363,0.06667158865073636,1.3752370073514826,1.3752370073514826,180,180,0.0,0.0,0.15,0.15,[0. 0. 0. 0. 0. 0. 0. 0. 0. 0. 0. 0.],[0. 0. 0. 0. 0. 0. 0. 0. 0. 0. 0. 0.],0.3,0.3,0.01,0.01,,
256,51,0.7400859878442856,0.2753154679117036,1.406411454373715,1.406411454373715,253,253,0.0,0.0,0.15,0.15,[0. 0. 0. 0. 0. 0. 0. 0. 0. 0. 0. 0.],[0. 0. 0. 0. 0. 0. 0. 0. 0. 0. 0. 0.],0.3,0.3,0.01,0.01,,
257,51,0.8448564969595964,0.5611014695733367,1.2927265891841813,1.2927265891841813,254,254,0.0,0.0,0.15,0.15,[0. 0. 0. 0. 0. 0. 0. 0. 0. 0. 0. 0.],[0. 0. 0. 0. 0. 0. 0. 0. 0. 0. 0. 0.],0.3,0.3,0.01,0.01,,
258,50,0.4550380326652942,0.8221594344984369,1.460647876262665,1.460647876262665,239,239,0.0,0.0,0.15,0.15,[0. 0. 0. 0. 0. 0. 0. 0. 0. 0. 0. 0.],[0. 0. 0. 0. 0. 0. 0. 0. 0. 0. 0. 0.],0.3,0.3,0.01,0.01,,
259,51,0.9958065608202409,0.18939048831656935,1.3958843595841353,1.3958843595841353,249,249,0.0,0.0,0.15,0.15,[0. 0. 0. 0. 0. 0. 0. 0. 0. 0. 0. 0.],[0. 0. 0. 0. 0. 0. 0. 0. 0. 0. 0. 0.],0.3,0.3,0.01,0.01,,
260,51,0.3595401287541246,0.7409727639950765,1.3660679044676762,1.3660679044676762,176,176,0.0,0.0,0.15,0.15,[0. 0. 0. 0. 0. 0. 0. 0. 0. 0. 0. 0.],[0. 0. 0. 0. 0. 0. 0. 0. 0. 0. 0. 0.],0.3,0.3,0.01,0.01,,
261,51,0.9673579456583069,0.15152903778664428,1.3936721381603503,1.3936721381603503,214,214,0.0,0.0,0.15,0.15,[0. 0. 0. 0. 0. 0. 0. 0. 0. 0. 0. 0.],[0. 0. 0. 0. 0. 0. 0. 0. 0. 0. 0. 0.],0.3,0.3,0.01,0.01,,
262,51,0.7748073835694743,0.27470988395358137,1.4687702728837144,1.4687702728837144,249,249,0.0,0.0,0.15,0.15,[0. 0. 0. 0. 0. 0. 0. 0. 0. 0. 0. 0.],[0. 0. 0. 0. 0. 0. 0. 0. 0. 0. 0. 0.],0.3,0.3,0.01,0.01,,
263,51,0.5042628504393211,0.6604951735213508,1.2753130118636524,1.2753130118636524,243,243,0.0,0.0,0.15,0.15,[0. 0. 0. 0. 0. 0. 0. 0. 0. 0. 0. 0.],[0. 0. 0. 0. 0. 0. 0. 0. 0. 0. 0. 0.],0.3,0.3,0.01,0.01,,
264,51,0.7940881135210861,0.6219720180245609,1.4025526572676266,1.4025526572676266,279,279,0.0,0.0,0.15,0.15,[0. 0. 0. 0. 0. 0. 0. 0. 0. 0. 0. 0.],[0. 0. 0. 0. 0. 0. 0. 0. 0. 0. 0. 0.],0.3,0.3,0.01,0.01,,
265,51,0.36879887367997505,0.3876062769526267,1.3019863466421764,1.3019863466421764,245,245,0.0,0.0,0.15,0.15,[0. 0. 0. 0. 0. 0. 0. 0. 0. 0. 0. 0.],[0. 0. 0. 0. 0. 0. 0. 0. 0. 0. 0. 0.],0.3,0.3,0.01,0.01,,
266,51,0.2583612852113801,0.7074972657509853,1.4364593782845665,1.4364593782845665,251,251,0.0,0.0,0.15,0.15,[0. 0. 0. 0. 0. 0. 0. 0. 0. 0. 0. 0.],[0. 0. 0. 0. 0. 0. 0. 0. 0. 0. 0. 0.],0.3,0.3,0.01,0.01,,
267,51,0.4205076201058314,0.3815344026986865,1.419470652937889,1.419470652937889,250,250,0.0,0.0,0.15,0.15,[0. 0. 0. 0. 0. 0. 0. 0. 0. 0. 0. 0.],[0. 0. 0. 0. 0. 0. 0. 0. 0. 0. 0. 0.],0.3,0.3,0.01,0.01,,
268,51,0.43357813210754387,0.284977024137306,1.509796345350789,1.509796345350789,204,204,0.0,0.0,0.15,0.15,[0. 0. 0. 0. 0. 0. 0. 0. 0. 0. 0. 0.],[0. 0. 0. 0. 0. 0. 0. 0. 0. 0. 0. 0.],0.3,0.3,0.01,0.01,,
269,51,0.3645247222646434,0.7348624204203648,1.3469785811269985,1.3469785811269985,242,242,0.0,0.0,0.15,0.15,[0. 0. 0. 0. 0. 0. 0. 0. 0. 0. 0. 0.],[0. 0. 0. 0. 0. 0. 0. 0. 0. 0. 0. 0.],0.3,0.3,0.01,0.01,,
270,51,0.8344042745303251,0.2708969244263361,1.2965195243265115,1.2965195243265115,213,213,0.0,0.0,0.15,0.15,[0. 0. 0. 0. 0. 0. 0. 0. 0. 0. 0. 0.],[0. 0. 0. 0. 0. 0. 0. 0. 0. 0. 0. 0.],0.3,0.3,0.01,0.01,,
271,51,0.6199813258636787,0.4262886966547824,1.4539633901680218,1.4539633901680218,180,180,0.0,0.0,0.15,0.15,[0. 0. 0. 0. 0. 0. 0. 0. 0. 0. 0. 0.],[0. 0. 0. 0. 0. 0. 0. 0. 0. 0. 0. 0.],0.3,0.3,0.01,0.01,,
272,51,0.4409095909596729,0.3932831857764382,1.1926731496464973,1.1926731496464973,236,236,0.0,0.0,0.15,0.15,[0. 0. 0. 0. 0. 0. 0. 0. 0. 0. 0. 0.],[0. 0. 0. 0. 0. 0. 0. 0. 0. 0. 0. 0.],0.3,0.3,0.01,0.01,,
273,51,0.3659991668118604,0.8577203348279997,1.408364657093497,1.408364657093497,258,258,0.0,0.0,0.15,0.15,[0. 0. 0. 0. 0. 0. 0. 0. 0. 0. 0. 0.],[0. 0. 0. 0. 0. 0. 0. 0. 0. 0. 0. 0.],0.3,0.3,0.01,0.01,,
274,51,0.36543426937025547,0.8184156596814002,1.2701332621714647,1.2701332621714647,241,241,0.0,0.0,0.15,0.15,[0. 0. 0. 0. 0. 0. 0. 0. 0. 0. 0. 0.],[0. 0. 0. 0. 0. 0. 0. 0. 0. 0. 0. 0.],0.3,0.3,0.01,0.01,,
275,51,0.7483660130718954,0.5384962318233956,1.5159273381326712,1.5159273381326712,211,211,0.0,0.0,0.15,0.15,[0. 0. 0. 0. 0. 0. 0. 0. 0. 0. 0. 0.],[0. 0. 0. 0. 0. 0. 0. 0. 0. 0. 0. 0.],0.3,0.3,0.01,0.01,,
276,51,0.4676197932799645,0.6827556708958094,1.4076944759079055,1.4076944759079055,238,238,0.0,0.0,0.15,0.15,[0. 0. 0. 0. 0. 0. 0. 0. 0. 0. 0. 0.],[0. 0. 0. 0. 0. 0. 0. 0. 0. 0. 0. 0.],0.3,0.3,0.01,0.01,,
277,51,0.31302839826129314,0.7718786931083363,1.2987068228277505,1.2987068228277505,215,215,0.0,0.0,0.15,0.15,[0. 0. 0. 0. 0. 0. 0. 0. 0. 0. 0. 0.],[0. 0. 0. 0. 0. 0. 0. 0. 0. 0. 0. 0.],0.3,0.3,0.01,0.01,,
278,51,0.582745335983803,0.07235894648934169,1.3371543329136044,1.3371543329136044,241,241,0.0,0.0,0.15,0.15,[0. 0. 0. 0. 0. 0. 0. 0. 0. 0. 0. 0.],[0. 0. 0. 0. 0. 0. 0. 0. 0. 0. 0. 0.],0.3,0.3,0.01,0.01,,
279,51,0.7519821208340732,0.20198658410732717,1.4449590263413448,1.4449590263413448,172,172,0.0,0.0,0.15,0.15,[0. 0. 0. 0. 0. 0. 0. 0. 0. 0. 0. 0.],[0. 0. 0. 0. 0. 0. 0. 0. 0. 0. 0. 0.],0.3,0.3,0.01,0.01,,
280,51,0.393319100019675,0.4691373985491632,1.4010150821185579,1.4010150821185579,188,188,0.0,0.0,0.15,0.15,[0. 0. 0. 0. 0. 0. 0. 0. 0. 0. 0. 0.],[0. 0. 0. 0. 0. 0. 0. 0. 0. 0. 0. 0.],0.3,0.3,0.01,0.01,,
281,51,0.8296484441584809,0.3957168484042763,1.2151813770041746,1.2151813770041746,228,228,0.0,0.0,0.15,0.15,[0. 0. 0. 0. 0. 0. 0. 0. 0. 0. 0. 0.],[0. 0. 0. 0. 0. 0. 0. 0. 0. 0. 0. 0.],0.3,0.3,0.01,0.01,,
282,51,0.26726214040214535,0.8255009714133091,1.4422467362646962,1.4422467362646962,264,264,0.0,0.0,0.15,0.15,[0. 0. 0. 0. 0. 0. 0. 0. 0. 0. 0. 0.],[0. 0. 0. 0. 0. 0. 0. 0. 0. 0. 0. 0.],0.3,0.3,0.01,0.01,,
283,51,0.9019332531857119,0.18107828180852814,1.3205548893002903,1.3205548893002903,246,246,0.0,0.0,0.15,0.15,[0. 0. 0. 0. 0. 0. 0. 0. 0. 0. 0. 0.],[0. 0. 0. 0. 0. 0. 0. 0. 0. 0. 0. 0.],0.3,0.3,0.01,0.01,,
284,51,0.19231138830771558,0.8262931684758311,1.4875379233968025,1.4875379233968025,277,277,0.0,0.0,0.15,0.15,[0. 0. 0. 0. 0. 0. 0. 0. 0. 0. 0. 0.],[0. 0. 0. 0. 0. 0. 0. 0. 0. 0. 0. 0.],0.3,0.3,0.01,0.01,,
285,51,0.5633596056267939,0.27663112028437103,1.33250383477585,1.33250383477585,196,196,0.0,0.0,0.15,0.15,[0. 0. 0. 0. 0. 0. 0. 0. 0. 0. 0. 0.],[0. 0. 0. 0. 0. 0. 0. 0. 0. 0. 0. 0.],0.3,0.3,0.01,0.01,,
286,51,0.5478057889822596,0.17898306677022768,1.422950755147373,1.422950755147373,182,182,0.0,0.0,0.15,0.15,[0. 0. 0. 0. 0. 0. 0. 0. 0. 0. 0. 0.],[0. 0. 0. 0. 0. 0. 0. 0. 0. 0. 0. 0.],0.3,0.3,0.01,0.01,,
287,51,0.8494468573516958,0.31332877546275734,1.3694310141544717,1.3694310141544717,281,281,0.0,0.0,0.15,0.15,[0. 0. 0. 0. 0. 0. 0. 0. 0. 0. 0. 0.],[0. 0. 0. 0. 0. 0. 0. 0. 0. 0. 0. 0.],0.3,0.3,0.01,0.01,,
288,51,0.12142955029947128,0.9393767821956328,1.4194039497889726,1.4194039497889726,261,261,0.0,0.0,0.15,0.15,[0. 0. 0. 0. 0. 0. 0. 0. 0. 0. 0. 0.],[0. 0. 0. 0. 0. 0. 0. 0. 0. 0. 0. 0.],0.3,0.3,0.01,0.01,,
289,51,0.2858082549259019,0.8282327503154374,1.2479062743631064,1.2479062743631064,227,227,0.0,0.0,0.15,0.15,[0. 0. 0. 0. 0. 0. 0. 0. 0. 0. 0. 0.],[0. 0. 0. 0. 0. 0. 0. 0. 0. 0. 0. 0.],0.3,0.3,0.01,0.01,,
290,51,0.7295834565319018,0.4448559554802607,1.2673487008786668,1.2673487008786668,259,259,0.0,0.0,0.15,0.15,[0. 0. 0. 0. 0. 0. 0. 0. 0. 0. 0. 0.],[0. 0. 0. 0. 0. 0. 0. 0. 0. 0. 0. 0.],0.3,0.3,0.01,0.01,,
291,51,0.7731320676418716,0.18199905197058897,1.4491159226380141,1.4491159226380141,195,195,0.0,0.0,0.15,0.15,[0. 0. 0. 0. 0. 0. 0. 0. 0. 0. 0. 0.],[0. 0. 0. 0. 0. 0. 0. 0. 0. 0. 0. 0.],0.3,0.3,0.01,0.01,,
292,51,0.5488343628049511,0.39641195040348204,1.371929865841772,1.371929865841772,219,219,0.0,0.0,0.15,0.15,[0. 0. 0. 0. 0. 0. 0. 0. 0. 0. 0. 0.],[0. 0. 0. 0. 0. 0. 0. 0. 0. 0. 0. 0.],0.3,0.3,0.01,0.01,,
293,51,0.7249554367201426,0.3455462444269425,1.3373647519186431,1.3373647519186431,180,180,0.0,0.0,0.15,0.15,[0. 0. 0. 0. 0. 0. 0. 0. 0. 0. 0. 0.],[0. 0. 0. 0. 0. 0. 0. 0. 0. 0. 0. 0.],0.3,0.3,0.01,0.01,,
294,51,0.34668233237019774,0.7678956475933363,1.3393629497172785,1.3393629497172785,271,271,0.0,0.0,0.15,0.15,[0. 0. 0. 0. 0. 0. 0. 0. 0. 0. 0. 0.],[0. 0. 0. 0. 0. 0. 0. 0. 0. 0. 0. 0.],0.3,0.3,0.01,0.01,,
295,51,0.48165853308479273,0.6891603772335412,1.4073815819095163,1.4073815819095163,207,207,0.0,0.0,0.15,0.15,[0. 0. 0. 0. 0. 0. 0. 0. 0. 0. 0. 0.],[0. 0. 0. 0. 0. 0. 0. 0. 0. 0. 0. 0.],0.3,0.3,0.01,0.01,,
296,51,0.13490044032916848,0.4641456582633052,1.2200696780985476,1.2200696780985476,194,194,0.0,0.0,0.15,0.15,[0. 0. 0. 0. 0. 0. 0. 0. 0. 0. 0. 0.],[0. 0. 0. 0. 0. 0. 0. 0. 0. 0. 0. 0.],0.3,0.3,0.01,0.01,,
297,51,0.3884956854028505,0.5644338957333159,1.3993663980680353,1.3993663980680353,226,226,0.0,0.0,0.15,0.15,[0. 0. 0. 0. 0. 0. 0. 0. 0. 0. 0. 0.],[0. 0. 0. 0. 0. 0. 0. 0. 0. 0. 0. 0.],0.3,0.3,0.01,0.01,,
298,51,0.2875350140056023,0.4654421729442495,1.377996701820224,1.377996701820224,166,166,0.0,0.0,0.15,0.15,[0. 0. 0. 0. 0. 0. 0. 0. 0. 0. 0. 0.],[0. 0. 0. 0. 0. 0. 0. 0. 0. 0. 0. 0.],0.3,0.3,0.01,0.01,,
299,51,0.6022585057414779,0.4508086478035327,1.3407407026080524,1.3407407026080524,182,182,0.0,0.0,0.15,0.15,[0. 0. 0. 0. 0. 0. 0. 0. 0. 0. 0. 0.],[0. 0. 0. 0. 0. 0. 0. 0. 0. 0. 0. 0.],0.3,0.3,0.01,0.01,,
